frame_id,host_recv_iso,png_path,h,w
1,2025-10-24 11:48:05.330036,C:\Users\28693\Desktop\udp\frames_png\frame_000001.png,120,188
2,2025-10-24 11:48:05.338365,C:\Users\28693\Desktop\udp\frames_png\frame_000002.png,120,188
3,2025-10-24 11:48:05.374572,C:\Users\28693\Desktop\udp\frames_png\frame_000003.png,120,188
4,2025-10-24 11:48:05.437395,C:\Users\28693\Desktop\udp\frames_png\frame_000004.png,120,188
5,2025-10-24 11:48:05.461787,C:\Users\28693\Desktop\udp\frames_png\frame_000005.png,120,188
6,2025-10-24 11:48:05.478115,C:\Users\28693\Desktop\udp\frames_png\frame_000006.png,120,188
7,2025-10-24 11:48:05.544030,C:\Users\28693\Desktop\udp\frames_png\frame_000007.png,120,188
8,2025-10-24 11:48:05.552390,C:\Users\28693\Desktop\udp\frames_png\frame_000008.png,120,188
9,2025-10-24 11:48:05.636375,C:\Users\28693\Desktop\udp\frames_png\frame_000009.png,120,188
10,2025-10-24 11:48:05.643326,C:\Users\28693\Desktop\udp\frames_png\frame_000010.png,120,188
11,2025-10-24 11:48:05.659058,C:\Users\28693\Desktop\udp\frames_png\frame_000011.png,120,188
12,2025-10-24 11:48:05.738577,C:\Users\28693\Desktop\udp\frames_png\frame_000012.png,120,188
13,2025-10-24 11:48:05.740581,C:\Users\28693\Desktop\udp\frames_png\frame_000013.png,120,188
14,2025-10-24 11:48:05.765762,C:\Users\28693\Desktop\udp\frames_png\frame_000014.png,120,188
15,2025-10-24 11:48:05.845378,C:\Users\28693\Desktop\udp\frames_png\frame_000015.png,120,188
16,2025-10-24 11:48:05.853787,C:\Users\28693\Desktop\udp\frames_png\frame_000016.png,120,188
17,2025-10-24 11:48:05.880163,C:\Users\28693\Desktop\udp\frames_png\frame_000017.png,120,188
18,2025-10-24 11:48:05.944871,C:\Users\28693\Desktop\udp\frames_png\frame_000018.png,120,188
19,2025-10-24 11:48:05.944871,C:\Users\28693\Desktop\udp\frames_png\frame_000019.png,120,188
20,2025-10-24 11:48:05.993656,C:\Users\28693\Desktop\udp\frames_png\frame_000020.png,120,188
21,2025-10-24 11:48:06.050779,C:\Users\28693\Desktop\udp\frames_png\frame_000021.png,120,188
22,2025-10-24 11:48:06.066987,C:\Users\28693\Desktop\udp\frames_png\frame_000022.png,120,188
23,2025-10-24 11:48:06.099366,C:\Users\28693\Desktop\udp\frames_png\frame_000023.png,120,188
24,2025-10-24 11:48:06.156893,C:\Users\28693\Desktop\udp\frames_png\frame_000024.png,120,188
25,2025-10-24 11:48:06.158096,C:\Users\28693\Desktop\udp\frames_png\frame_000025.png,120,188
26,2025-10-24 11:48:06.262094,C:\Users\28693\Desktop\udp\frames_png\frame_000026.png,120,188
27,2025-10-24 11:48:06.262094,C:\Users\28693\Desktop\udp\frames_png\frame_000027.png,120,188
28,2025-10-24 11:48:06.300244,C:\Users\28693\Desktop\udp\frames_png\frame_000028.png,120,188
29,2025-10-24 11:48:06.351090,C:\Users\28693\Desktop\udp\frames_png\frame_000029.png,120,188
30,2025-10-24 11:48:06.355954,C:\Users\28693\Desktop\udp\frames_png\frame_000030.png,120,188
31,2025-10-24 11:48:06.382409,C:\Users\28693\Desktop\udp\frames_png\frame_000031.png,120,188
32,2025-10-24 11:48:06.450028,C:\Users\28693\Desktop\udp\frames_png\frame_000032.png,120,188
33,2025-10-24 11:48:06.465767,C:\Users\28693\Desktop\udp\frames_png\frame_000033.png,120,188
34,2025-10-24 11:48:06.489320,C:\Users\28693\Desktop\udp\frames_png\frame_000034.png,120,188
35,2025-10-24 11:48:06.561850,C:\Users\28693\Desktop\udp\frames_png\frame_000035.png,120,188
36,2025-10-24 11:48:06.563079,C:\Users\28693\Desktop\udp\frames_png\frame_000036.png,120,188
37,2025-10-24 11:48:06.594779,C:\Users\28693\Desktop\udp\frames_png\frame_000037.png,120,188
38,2025-10-24 11:48:06.671169,C:\Users\28693\Desktop\udp\frames_png\frame_000038.png,120,188
39,2025-10-24 11:48:06.675607,C:\Users\28693\Desktop\udp\frames_png\frame_000039.png,120,188
40,2025-10-24 11:48:06.708489,C:\Users\28693\Desktop\udp\frames_png\frame_000040.png,120,188
41,2025-10-24 11:48:06.757644,C:\Users\28693\Desktop\udp\frames_png\frame_000041.png,120,188
42,2025-10-24 11:48:06.775839,C:\Users\28693\Desktop\udp\frames_png\frame_000042.png,120,188
43,2025-10-24 11:48:06.864327,C:\Users\28693\Desktop\udp\frames_png\frame_000043.png,120,188
44,2025-10-24 11:48:06.872583,C:\Users\28693\Desktop\udp\frames_png\frame_000044.png,120,188
45,2025-10-24 11:48:06.889208,C:\Users\28693\Desktop\udp\frames_png\frame_000045.png,120,188
46,2025-10-24 11:48:06.979506,C:\Users\28693\Desktop\udp\frames_png\frame_000046.png,120,188
47,2025-10-24 11:48:06.980661,C:\Users\28693\Desktop\udp\frames_png\frame_000047.png,120,188
48,2025-10-24 11:48:06.996807,C:\Users\28693\Desktop\udp\frames_png\frame_000048.png,120,188
49,2025-10-24 11:48:07.077681,C:\Users\28693\Desktop\udp\frames_png\frame_000049.png,120,188
50,2025-10-24 11:48:07.086110,C:\Users\28693\Desktop\udp\frames_png\frame_000050.png,120,188
51,2025-10-24 11:48:07.101979,C:\Users\28693\Desktop\udp\frames_png\frame_000051.png,120,188
52,2025-10-24 11:48:07.174080,C:\Users\28693\Desktop\udp\frames_png\frame_000052.png,120,188
53,2025-10-24 11:48:07.176084,C:\Users\28693\Desktop\udp\frames_png\frame_000053.png,120,188
54,2025-10-24 11:48:07.205748,C:\Users\28693\Desktop\udp\frames_png\frame_000054.png,120,188
55,2025-10-24 11:48:07.276316,C:\Users\28693\Desktop\udp\frames_png\frame_000055.png,120,188
56,2025-10-24 11:48:07.284883,C:\Users\28693\Desktop\udp\frames_png\frame_000056.png,120,188
57,2025-10-24 11:48:07.316392,C:\Users\28693\Desktop\udp\frames_png\frame_000057.png,120,188
58,2025-10-24 11:48:07.385568,C:\Users\28693\Desktop\udp\frames_png\frame_000058.png,120,188
59,2025-10-24 11:48:07.385568,C:\Users\28693\Desktop\udp\frames_png\frame_000059.png,120,188
60,2025-10-24 11:48:07.427122,C:\Users\28693\Desktop\udp\frames_png\frame_000060.png,120,188
61,2025-10-24 11:48:07.490876,C:\Users\28693\Desktop\udp\frames_png\frame_000061.png,120,188
62,2025-10-24 11:48:07.496379,C:\Users\28693\Desktop\udp\frames_png\frame_000062.png,120,188
63,2025-10-24 11:48:07.589661,C:\Users\28693\Desktop\udp\frames_png\frame_000063.png,120,188
64,2025-10-24 11:48:07.589661,C:\Users\28693\Desktop\udp\frames_png\frame_000064.png,120,188
65,2025-10-24 11:48:07.609864,C:\Users\28693\Desktop\udp\frames_png\frame_000065.png,120,188
66,2025-10-24 11:48:07.680935,C:\Users\28693\Desktop\udp\frames_png\frame_000066.png,120,188
67,2025-10-24 11:48:07.680935,C:\Users\28693\Desktop\udp\frames_png\frame_000067.png,120,188
68,2025-10-24 11:48:07.712630,C:\Users\28693\Desktop\udp\frames_png\frame_000068.png,120,188
69,2025-10-24 11:48:07.776719,C:\Users\28693\Desktop\udp\frames_png\frame_000069.png,120,188
70,2025-10-24 11:48:07.792428,C:\Users\28693\Desktop\udp\frames_png\frame_000070.png,120,188
71,2025-10-24 11:48:07.823787,C:\Users\28693\Desktop\udp\frames_png\frame_000071.png,120,188
72,2025-10-24 11:48:07.894949,C:\Users\28693\Desktop\udp\frames_png\frame_000072.png,120,188
73,2025-10-24 11:48:07.896953,C:\Users\28693\Desktop\udp\frames_png\frame_000073.png,120,188
74,2025-10-24 11:48:07.918928,C:\Users\28693\Desktop\udp\frames_png\frame_000074.png,120,188
75,2025-10-24 11:48:08.029766,C:\Users\28693\Desktop\udp\frames_png\frame_000075.png,120,188
76,2025-10-24 11:48:08.029766,C:\Users\28693\Desktop\udp\frames_png\frame_000076.png,120,188
77,2025-10-24 11:48:08.029766,C:\Users\28693\Desktop\udp\frames_png\frame_000077.png,120,188
78,2025-10-24 11:48:08.109447,C:\Users\28693\Desktop\udp\frames_png\frame_000078.png,120,188
79,2025-10-24 11:48:08.111258,C:\Users\28693\Desktop\udp\frames_png\frame_000079.png,120,188
80,2025-10-24 11:48:08.188134,C:\Users\28693\Desktop\udp\frames_png\frame_000080.png,120,188
81,2025-10-24 11:48:08.188134,C:\Users\28693\Desktop\udp\frames_png\frame_000081.png,120,188
82,2025-10-24 11:48:08.221232,C:\Users\28693\Desktop\udp\frames_png\frame_000082.png,120,188
83,2025-10-24 11:48:08.299386,C:\Users\28693\Desktop\udp\frames_png\frame_000083.png,120,188
84,2025-10-24 11:48:08.300422,C:\Users\28693\Desktop\udp\frames_png\frame_000084.png,120,188
85,2025-10-24 11:48:08.315111,C:\Users\28693\Desktop\udp\frames_png\frame_000085.png,120,188
86,2025-10-24 11:48:08.406981,C:\Users\28693\Desktop\udp\frames_png\frame_000086.png,120,188
87,2025-10-24 11:48:08.411085,C:\Users\28693\Desktop\udp\frames_png\frame_000087.png,120,188
88,2025-10-24 11:48:08.435041,C:\Users\28693\Desktop\udp\frames_png\frame_000088.png,120,188
89,2025-10-24 11:48:08.508164,C:\Users\28693\Desktop\udp\frames_png\frame_000089.png,120,188
90,2025-10-24 11:48:08.512169,C:\Users\28693\Desktop\udp\frames_png\frame_000090.png,120,188
91,2025-10-24 11:48:08.541132,C:\Users\28693\Desktop\udp\frames_png\frame_000091.png,120,188
92,2025-10-24 11:48:08.607662,C:\Users\28693\Desktop\udp\frames_png\frame_000092.png,120,188
93,2025-10-24 11:48:08.632139,C:\Users\28693\Desktop\udp\frames_png\frame_000093.png,120,188
94,2025-10-24 11:48:08.652282,C:\Users\28693\Desktop\udp\frames_png\frame_000094.png,120,188
95,2025-10-24 11:48:08.714375,C:\Users\28693\Desktop\udp\frames_png\frame_000095.png,120,188
96,2025-10-24 11:48:08.722864,C:\Users\28693\Desktop\udp\frames_png\frame_000096.png,120,188
97,2025-10-24 11:48:08.756715,C:\Users\28693\Desktop\udp\frames_png\frame_000097.png,120,188
98,2025-10-24 11:48:08.821404,C:\Users\28693\Desktop\udp\frames_png\frame_000098.png,120,188
99,2025-10-24 11:48:08.826545,C:\Users\28693\Desktop\udp\frames_png\frame_000099.png,120,188
100,2025-10-24 11:48:08.924765,C:\Users\28693\Desktop\udp\frames_png\frame_000100.png,120,188
101,2025-10-24 11:48:08.924765,C:\Users\28693\Desktop\udp\frames_png\frame_000101.png,120,188
102,2025-10-24 11:48:08.942573,C:\Users\28693\Desktop\udp\frames_png\frame_000102.png,120,188
103,2025-10-24 11:48:09.015885,C:\Users\28693\Desktop\udp\frames_png\frame_000103.png,120,188
104,2025-10-24 11:48:09.015885,C:\Users\28693\Desktop\udp\frames_png\frame_000104.png,120,188
105,2025-10-24 11:48:09.050286,C:\Users\28693\Desktop\udp\frames_png\frame_000105.png,120,188
106,2025-10-24 11:48:09.130914,C:\Users\28693\Desktop\udp\frames_png\frame_000106.png,120,188
107,2025-10-24 11:48:09.132057,C:\Users\28693\Desktop\udp\frames_png\frame_000107.png,120,188
108,2025-10-24 11:48:09.156869,C:\Users\28693\Desktop\udp\frames_png\frame_000108.png,120,188
109,2025-10-24 11:48:09.229703,C:\Users\28693\Desktop\udp\frames_png\frame_000109.png,120,188
110,2025-10-24 11:48:09.231466,C:\Users\28693\Desktop\udp\frames_png\frame_000110.png,120,188
111,2025-10-24 11:48:09.261349,C:\Users\28693\Desktop\udp\frames_png\frame_000111.png,120,188
112,2025-10-24 11:48:09.324785,C:\Users\28693\Desktop\udp\frames_png\frame_000112.png,120,188
113,2025-10-24 11:48:09.337087,C:\Users\28693\Desktop\udp\frames_png\frame_000113.png,120,188
114,2025-10-24 11:48:09.372261,C:\Users\28693\Desktop\udp\frames_png\frame_000114.png,120,188
115,2025-10-24 11:48:09.424380,C:\Users\28693\Desktop\udp\frames_png\frame_000115.png,120,188
116,2025-10-24 11:48:09.437215,C:\Users\28693\Desktop\udp\frames_png\frame_000116.png,120,188
117,2025-10-24 11:48:09.515288,C:\Users\28693\Desktop\udp\frames_png\frame_000117.png,120,188
118,2025-10-24 11:48:09.531046,C:\Users\28693\Desktop\udp\frames_png\frame_000118.png,120,188
119,2025-10-24 11:48:09.546700,C:\Users\28693\Desktop\udp\frames_png\frame_000119.png,120,188
120,2025-10-24 11:48:09.633460,C:\Users\28693\Desktop\udp\frames_png\frame_000120.png,120,188
121,2025-10-24 11:48:09.637540,C:\Users\28693\Desktop\udp\frames_png\frame_000121.png,120,188
122,2025-10-24 11:48:09.661316,C:\Users\28693\Desktop\udp\frames_png\frame_000122.png,120,188
123,2025-10-24 11:48:09.732665,C:\Users\28693\Desktop\udp\frames_png\frame_000123.png,120,188
124,2025-10-24 11:48:09.733939,C:\Users\28693\Desktop\udp\frames_png\frame_000124.png,120,188
125,2025-10-24 11:48:09.770054,C:\Users\28693\Desktop\udp\frames_png\frame_000125.png,120,188
126,2025-10-24 11:48:09.834365,C:\Users\28693\Desktop\udp\frames_png\frame_000126.png,120,188
127,2025-10-24 11:48:09.843256,C:\Users\28693\Desktop\udp\frames_png\frame_000127.png,120,188
128,2025-10-24 11:48:09.874606,C:\Users\28693\Desktop\udp\frames_png\frame_000128.png,120,188
129,2025-10-24 11:48:09.938027,C:\Users\28693\Desktop\udp\frames_png\frame_000129.png,120,188
130,2025-10-24 11:48:09.954367,C:\Users\28693\Desktop\udp\frames_png\frame_000130.png,120,188
131,2025-10-24 11:48:09.986427,C:\Users\28693\Desktop\udp\frames_png\frame_000131.png,120,188
132,2025-10-24 11:48:10.051690,C:\Users\28693\Desktop\udp\frames_png\frame_000132.png,120,188
133,2025-10-24 11:48:10.052629,C:\Users\28693\Desktop\udp\frames_png\frame_000133.png,120,188
134,2025-10-24 11:48:10.131128,C:\Users\28693\Desktop\udp\frames_png\frame_000134.png,120,188
135,2025-10-24 11:48:10.146770,C:\Users\28693\Desktop\udp\frames_png\frame_000135.png,120,188
136,2025-10-24 11:48:10.170898,C:\Users\28693\Desktop\udp\frames_png\frame_000136.png,120,188
137,2025-10-24 11:48:10.247556,C:\Users\28693\Desktop\udp\frames_png\frame_000137.png,120,188
138,2025-10-24 11:48:10.250915,C:\Users\28693\Desktop\udp\frames_png\frame_000138.png,120,188
139,2025-10-24 11:48:10.269851,C:\Users\28693\Desktop\udp\frames_png\frame_000139.png,120,188
140,2025-10-24 11:48:10.342153,C:\Users\28693\Desktop\udp\frames_png\frame_000140.png,120,188
141,2025-10-24 11:48:10.342153,C:\Users\28693\Desktop\udp\frames_png\frame_000141.png,120,188
142,2025-10-24 11:48:10.382728,C:\Users\28693\Desktop\udp\frames_png\frame_000142.png,120,188
143,2025-10-24 11:48:10.448877,C:\Users\28693\Desktop\udp\frames_png\frame_000143.png,120,188
144,2025-10-24 11:48:10.457027,C:\Users\28693\Desktop\udp\frames_png\frame_000144.png,120,188
145,2025-10-24 11:48:10.490143,C:\Users\28693\Desktop\udp\frames_png\frame_000145.png,120,188
146,2025-10-24 11:48:10.555831,C:\Users\28693\Desktop\udp\frames_png\frame_000146.png,120,188
147,2025-10-24 11:48:10.572365,C:\Users\28693\Desktop\udp\frames_png\frame_000147.png,120,188
148,2025-10-24 11:48:10.598210,C:\Users\28693\Desktop\udp\frames_png\frame_000148.png,120,188
149,2025-10-24 11:48:10.663069,C:\Users\28693\Desktop\udp\frames_png\frame_000149.png,120,188
150,2025-10-24 11:48:10.671508,C:\Users\28693\Desktop\udp\frames_png\frame_000150.png,120,188
151,2025-10-24 11:48:10.761716,C:\Users\28693\Desktop\udp\frames_png\frame_000151.png,120,188
152,2025-10-24 11:48:10.761716,C:\Users\28693\Desktop\udp\frames_png\frame_000152.png,120,188
153,2025-10-24 11:48:10.778233,C:\Users\28693\Desktop\udp\frames_png\frame_000153.png,120,188
154,2025-10-24 11:48:10.857092,C:\Users\28693\Desktop\udp\frames_png\frame_000154.png,120,188
155,2025-10-24 11:48:10.859967,C:\Users\28693\Desktop\udp\frames_png\frame_000155.png,120,188
156,2025-10-24 11:48:10.887315,C:\Users\28693\Desktop\udp\frames_png\frame_000156.png,120,188
157,2025-10-24 11:48:10.959577,C:\Users\28693\Desktop\udp\frames_png\frame_000157.png,120,188
158,2025-10-24 11:48:10.963110,C:\Users\28693\Desktop\udp\frames_png\frame_000158.png,120,188
159,2025-10-24 11:48:10.991880,C:\Users\28693\Desktop\udp\frames_png\frame_000159.png,120,188
160,2025-10-24 11:48:11.072283,C:\Users\28693\Desktop\udp\frames_png\frame_000160.png,120,188
161,2025-10-24 11:48:11.072283,C:\Users\28693\Desktop\udp\frames_png\frame_000161.png,120,188
162,2025-10-24 11:48:11.099364,C:\Users\28693\Desktop\udp\frames_png\frame_000162.png,120,188
163,2025-10-24 11:48:11.188401,C:\Users\28693\Desktop\udp\frames_png\frame_000163.png,120,188
164,2025-10-24 11:48:11.192408,C:\Users\28693\Desktop\udp\frames_png\frame_000164.png,120,188
165,2025-10-24 11:48:11.208131,C:\Users\28693\Desktop\udp\frames_png\frame_000165.png,120,188
166,2025-10-24 11:48:11.270496,C:\Users\28693\Desktop\udp\frames_png\frame_000166.png,120,188
167,2025-10-24 11:48:11.286673,C:\Users\28693\Desktop\udp\frames_png\frame_000167.png,120,188
168,2025-10-24 11:48:11.319480,C:\Users\28693\Desktop\udp\frames_png\frame_000168.png,120,188
169,2025-10-24 11:48:11.368592,C:\Users\28693\Desktop\udp\frames_png\frame_000169.png,120,188
170,2025-10-24 11:48:11.387323,C:\Users\28693\Desktop\udp\frames_png\frame_000170.png,120,188
171,2025-10-24 11:48:11.484126,C:\Users\28693\Desktop\udp\frames_png\frame_000171.png,120,188
172,2025-10-24 11:48:11.484126,C:\Users\28693\Desktop\udp\frames_png\frame_000172.png,120,188
173,2025-10-24 11:48:11.492260,C:\Users\28693\Desktop\udp\frames_png\frame_000173.png,120,188
174,2025-10-24 11:48:11.581035,C:\Users\28693\Desktop\udp\frames_png\frame_000174.png,120,188
175,2025-10-24 11:48:11.585041,C:\Users\28693\Desktop\udp\frames_png\frame_000175.png,120,188
176,2025-10-24 11:48:11.607536,C:\Users\28693\Desktop\udp\frames_png\frame_000176.png,120,188
177,2025-10-24 11:48:11.690130,C:\Users\28693\Desktop\udp\frames_png\frame_000177.png,120,188
178,2025-10-24 11:48:11.690130,C:\Users\28693\Desktop\udp\frames_png\frame_000178.png,120,188
179,2025-10-24 11:48:11.714893,C:\Users\28693\Desktop\udp\frames_png\frame_000179.png,120,188
180,2025-10-24 11:48:11.781205,C:\Users\28693\Desktop\udp\frames_png\frame_000180.png,120,188
181,2025-10-24 11:48:11.781205,C:\Users\28693\Desktop\udp\frames_png\frame_000181.png,120,188
182,2025-10-24 11:48:11.819662,C:\Users\28693\Desktop\udp\frames_png\frame_000182.png,120,188
183,2025-10-24 11:48:11.884523,C:\Users\28693\Desktop\udp\frames_png\frame_000183.png,120,188
184,2025-10-24 11:48:11.892746,C:\Users\28693\Desktop\udp\frames_png\frame_000184.png,120,188
185,2025-10-24 11:48:11.933500,C:\Users\28693\Desktop\udp\frames_png\frame_000185.png,120,188
186,2025-10-24 11:48:11.983134,C:\Users\28693\Desktop\udp\frames_png\frame_000186.png,120,188
187,2025-10-24 11:48:12.000386,C:\Users\28693\Desktop\udp\frames_png\frame_000187.png,120,188
188,2025-10-24 11:48:12.096473,C:\Users\28693\Desktop\udp\frames_png\frame_000188.png,120,188
189,2025-10-24 11:48:12.098477,C:\Users\28693\Desktop\udp\frames_png\frame_000189.png,120,188
190,2025-10-24 11:48:12.104793,C:\Users\28693\Desktop\udp\frames_png\frame_000190.png,120,188
191,2025-10-24 11:48:12.195090,C:\Users\28693\Desktop\udp\frames_png\frame_000191.png,120,188
192,2025-10-24 11:48:12.203342,C:\Users\28693\Desktop\udp\frames_png\frame_000192.png,120,188
193,2025-10-24 11:48:12.219947,C:\Users\28693\Desktop\udp\frames_png\frame_000193.png,120,188
194,2025-10-24 11:48:12.291974,C:\Users\28693\Desktop\udp\frames_png\frame_000194.png,120,188
195,2025-10-24 11:48:12.291974,C:\Users\28693\Desktop\udp\frames_png\frame_000195.png,120,188
196,2025-10-24 11:48:12.328746,C:\Users\28693\Desktop\udp\frames_png\frame_000196.png,120,188
197,2025-10-24 11:48:12.398474,C:\Users\28693\Desktop\udp\frames_png\frame_000197.png,120,188
198,2025-10-24 11:48:12.398474,C:\Users\28693\Desktop\udp\frames_png\frame_000198.png,120,188
199,2025-10-24 11:48:12.431406,C:\Users\28693\Desktop\udp\frames_png\frame_000199.png,120,188
200,2025-10-24 11:48:12.497330,C:\Users\28693\Desktop\udp\frames_png\frame_000200.png,120,188
201,2025-10-24 11:48:12.513851,C:\Users\28693\Desktop\udp\frames_png\frame_000201.png,120,188
202,2025-10-24 11:48:12.538732,C:\Users\28693\Desktop\udp\frames_png\frame_000202.png,120,188
203,2025-10-24 11:48:12.604571,C:\Users\28693\Desktop\udp\frames_png\frame_000203.png,120,188
204,2025-10-24 11:48:12.613827,C:\Users\28693\Desktop\udp\frames_png\frame_000204.png,120,188
205,2025-10-24 11:48:12.649196,C:\Users\28693\Desktop\udp\frames_png\frame_000205.png,120,188
206,2025-10-24 11:48:12.703139,C:\Users\28693\Desktop\udp\frames_png\frame_000206.png,120,188
207,2025-10-24 11:48:12.720573,C:\Users\28693\Desktop\udp\frames_png\frame_000207.png,120,188
208,2025-10-24 11:48:12.823182,C:\Users\28693\Desktop\udp\frames_png\frame_000208.png,120,188
209,2025-10-24 11:48:12.823182,C:\Users\28693\Desktop\udp\frames_png\frame_000209.png,120,188
210,2025-10-24 11:48:12.823182,C:\Users\28693\Desktop\udp\frames_png\frame_000210.png,120,188
211,2025-10-24 11:48:12.902576,C:\Users\28693\Desktop\udp\frames_png\frame_000211.png,120,188
212,2025-10-24 11:48:12.902576,C:\Users\28693\Desktop\udp\frames_png\frame_000212.png,120,188
213,2025-10-24 11:48:12.950029,C:\Users\28693\Desktop\udp\frames_png\frame_000213.png,120,188
214,2025-10-24 11:48:12.997418,C:\Users\28693\Desktop\udp\frames_png\frame_000214.png,120,188
215,2025-10-24 11:48:12.997418,C:\Users\28693\Desktop\udp\frames_png\frame_000215.png,120,188
216,2025-10-24 11:48:13.061381,C:\Users\28693\Desktop\udp\frames_png\frame_000216.png,120,188
217,2025-10-24 11:48:13.117335,C:\Users\28693\Desktop\udp\frames_png\frame_000217.png,120,188
218,2025-10-24 11:48:13.133984,C:\Users\28693\Desktop\udp\frames_png\frame_000218.png,120,188
219,2025-10-24 11:48:13.158101,C:\Users\28693\Desktop\udp\frames_png\frame_000219.png,120,188
220,2025-10-24 11:48:13.215746,C:\Users\28693\Desktop\udp\frames_png\frame_000220.png,120,188
221,2025-10-24 11:48:13.225335,C:\Users\28693\Desktop\udp\frames_png\frame_000221.png,120,188
222,2025-10-24 11:48:13.264857,C:\Users\28693\Desktop\udp\frames_png\frame_000222.png,120,188
223,2025-10-24 11:48:13.322991,C:\Users\28693\Desktop\udp\frames_png\frame_000223.png,120,188
224,2025-10-24 11:48:13.331432,C:\Users\28693\Desktop\udp\frames_png\frame_000224.png,120,188
225,2025-10-24 11:48:13.413572,C:\Users\28693\Desktop\udp\frames_png\frame_000225.png,120,188
226,2025-10-24 11:48:13.430094,C:\Users\28693\Desktop\udp\frames_png\frame_000226.png,120,188
227,2025-10-24 11:48:13.446921,C:\Users\28693\Desktop\udp\frames_png\frame_000227.png,120,188
228,2025-10-24 11:48:13.522710,C:\Users\28693\Desktop\udp\frames_png\frame_000228.png,120,188
229,2025-10-24 11:48:13.529426,C:\Users\28693\Desktop\udp\frames_png\frame_000229.png,120,188
230,2025-10-24 11:48:13.546049,C:\Users\28693\Desktop\udp\frames_png\frame_000230.png,120,188
231,2025-10-24 11:48:13.627572,C:\Users\28693\Desktop\udp\frames_png\frame_000231.png,120,188
232,2025-10-24 11:48:13.627572,C:\Users\28693\Desktop\udp\frames_png\frame_000232.png,120,188
233,2025-10-24 11:48:13.660164,C:\Users\28693\Desktop\udp\frames_png\frame_000233.png,120,188
234,2025-10-24 11:48:13.727528,C:\Users\28693\Desktop\udp\frames_png\frame_000234.png,120,188
235,2025-10-24 11:48:13.731790,C:\Users\28693\Desktop\udp\frames_png\frame_000235.png,120,188
236,2025-10-24 11:48:13.755705,C:\Users\28693\Desktop\udp\frames_png\frame_000236.png,120,188
237,2025-10-24 11:48:13.835610,C:\Users\28693\Desktop\udp\frames_png\frame_000237.png,120,188
238,2025-10-24 11:48:13.851271,C:\Users\28693\Desktop\udp\frames_png\frame_000238.png,120,188
239,2025-10-24 11:48:13.875309,C:\Users\28693\Desktop\udp\frames_png\frame_000239.png,120,188
240,2025-10-24 11:48:13.945304,C:\Users\28693\Desktop\udp\frames_png\frame_000240.png,120,188
241,2025-10-24 11:48:13.961320,C:\Users\28693\Desktop\udp\frames_png\frame_000241.png,120,188
242,2025-10-24 11:48:14.040966,C:\Users\28693\Desktop\udp\frames_png\frame_000242.png,120,188
243,2025-10-24 11:48:14.056639,C:\Users\28693\Desktop\udp\frames_png\frame_000243.png,120,188
244,2025-10-24 11:48:14.056639,C:\Users\28693\Desktop\udp\frames_png\frame_000244.png,120,188
245,2025-10-24 11:48:14.135587,C:\Users\28693\Desktop\udp\frames_png\frame_000245.png,120,188
246,2025-10-24 11:48:14.135587,C:\Users\28693\Desktop\udp\frames_png\frame_000246.png,120,188
247,2025-10-24 11:48:14.168291,C:\Users\28693\Desktop\udp\frames_png\frame_000247.png,120,188
248,2025-10-24 11:48:14.261822,C:\Users\28693\Desktop\udp\frames_png\frame_000248.png,120,188
249,2025-10-24 11:48:14.265730,C:\Users\28693\Desktop\udp\frames_png\frame_000249.png,120,188
250,2025-10-24 11:48:14.269737,C:\Users\28693\Desktop\udp\frames_png\frame_000250.png,120,188
251,2025-10-24 11:48:14.340749,C:\Users\28693\Desktop\udp\frames_png\frame_000251.png,120,188
252,2025-10-24 11:48:14.340749,C:\Users\28693\Desktop\udp\frames_png\frame_000252.png,120,188
253,2025-10-24 11:48:14.404325,C:\Users\28693\Desktop\udp\frames_png\frame_000253.png,120,188
254,2025-10-24 11:48:14.451290,C:\Users\28693\Desktop\udp\frames_png\frame_000254.png,120,188
255,2025-10-24 11:48:14.451290,C:\Users\28693\Desktop\udp\frames_png\frame_000255.png,120,188
256,2025-10-24 11:48:14.498848,C:\Users\28693\Desktop\udp\frames_png\frame_000256.png,120,188
257,2025-10-24 11:48:14.548177,C:\Users\28693\Desktop\udp\frames_png\frame_000257.png,120,188
258,2025-10-24 11:48:14.562295,C:\Users\28693\Desktop\udp\frames_png\frame_000258.png,120,188
259,2025-10-24 11:48:14.609662,C:\Users\28693\Desktop\udp\frames_png\frame_000259.png,120,188
260,2025-10-24 11:48:14.656743,C:\Users\28693\Desktop\udp\frames_png\frame_000260.png,120,188
261,2025-10-24 11:48:14.656743,C:\Users\28693\Desktop\udp\frames_png\frame_000261.png,120,188
262,2025-10-24 11:48:14.767700,C:\Users\28693\Desktop\udp\frames_png\frame_000262.png,120,188
263,2025-10-24 11:48:14.771601,C:\Users\28693\Desktop\udp\frames_png\frame_000263.png,120,188
264,2025-10-24 11:48:14.775607,C:\Users\28693\Desktop\udp\frames_png\frame_000264.png,120,188
265,2025-10-24 11:48:14.878530,C:\Users\28693\Desktop\udp\frames_png\frame_000265.png,120,188
266,2025-10-24 11:48:14.878530,C:\Users\28693\Desktop\udp\frames_png\frame_000266.png,120,188
267,2025-10-24 11:48:14.884151,C:\Users\28693\Desktop\udp\frames_png\frame_000267.png,120,188
268,2025-10-24 11:48:14.965918,C:\Users\28693\Desktop\udp\frames_png\frame_000268.png,120,188
269,2025-10-24 11:48:14.965918,C:\Users\28693\Desktop\udp\frames_png\frame_000269.png,120,188
270,2025-10-24 11:48:14.991411,C:\Users\28693\Desktop\udp\frames_png\frame_000270.png,120,188
271,2025-10-24 11:48:15.055987,C:\Users\28693\Desktop\udp\frames_png\frame_000271.png,120,188
272,2025-10-24 11:48:15.064130,C:\Users\28693\Desktop\udp\frames_png\frame_000272.png,120,188
273,2025-10-24 11:48:15.105159,C:\Users\28693\Desktop\udp\frames_png\frame_000273.png,120,188
274,2025-10-24 11:48:15.179426,C:\Users\28693\Desktop\udp\frames_png\frame_000274.png,120,188
275,2025-10-24 11:48:15.183433,C:\Users\28693\Desktop\udp\frames_png\frame_000275.png,120,188
276,2025-10-24 11:48:15.207663,C:\Users\28693\Desktop\udp\frames_png\frame_000276.png,120,188
277,2025-10-24 11:48:15.269900,C:\Users\28693\Desktop\udp\frames_png\frame_000277.png,120,188
278,2025-10-24 11:48:15.278144,C:\Users\28693\Desktop\udp\frames_png\frame_000278.png,120,188
279,2025-10-24 11:48:15.367580,C:\Users\28693\Desktop\udp\frames_png\frame_000279.png,120,188
280,2025-10-24 11:48:15.376302,C:\Users\28693\Desktop\udp\frames_png\frame_000280.png,120,188
281,2025-10-24 11:48:15.384549,C:\Users\28693\Desktop\udp\frames_png\frame_000281.png,120,188
282,2025-10-24 11:48:15.463752,C:\Users\28693\Desktop\udp\frames_png\frame_000282.png,120,188
283,2025-10-24 11:48:15.471977,C:\Users\28693\Desktop\udp\frames_png\frame_000283.png,120,188
284,2025-10-24 11:48:15.488349,C:\Users\28693\Desktop\udp\frames_png\frame_000284.png,120,188
285,2025-10-24 11:48:15.570250,C:\Users\28693\Desktop\udp\frames_png\frame_000285.png,120,188
286,2025-10-24 11:48:15.578276,C:\Users\28693\Desktop\udp\frames_png\frame_000286.png,120,188
287,2025-10-24 11:48:15.602881,C:\Users\28693\Desktop\udp\frames_png\frame_000287.png,120,188
288,2025-10-24 11:48:15.669235,C:\Users\28693\Desktop\udp\frames_png\frame_000288.png,120,188
289,2025-10-24 11:48:15.677604,C:\Users\28693\Desktop\udp\frames_png\frame_000289.png,120,188
290,2025-10-24 11:48:15.710039,C:\Users\28693\Desktop\udp\frames_png\frame_000290.png,120,188
291,2025-10-24 11:48:15.776120,C:\Users\28693\Desktop\udp\frames_png\frame_000291.png,120,188
292,2025-10-24 11:48:15.782431,C:\Users\28693\Desktop\udp\frames_png\frame_000292.png,120,188
293,2025-10-24 11:48:15.817216,C:\Users\28693\Desktop\udp\frames_png\frame_000293.png,120,188
294,2025-10-24 11:48:15.873515,C:\Users\28693\Desktop\udp\frames_png\frame_000294.png,120,188
295,2025-10-24 11:48:15.905300,C:\Users\28693\Desktop\udp\frames_png\frame_000295.png,120,188
296,2025-10-24 11:48:15.923380,C:\Users\28693\Desktop\udp\frames_png\frame_000296.png,120,188
297,2025-10-24 11:48:15.983993,C:\Users\28693\Desktop\udp\frames_png\frame_000297.png,120,188
298,2025-10-24 11:48:15.999721,C:\Users\28693\Desktop\udp\frames_png\frame_000298.png,120,188
299,2025-10-24 11:48:16.081254,C:\Users\28693\Desktop\udp\frames_png\frame_000299.png,120,188
300,2025-10-24 11:48:16.085070,C:\Users\28693\Desktop\udp\frames_png\frame_000300.png,120,188
301,2025-10-24 11:48:16.108022,C:\Users\28693\Desktop\udp\frames_png\frame_000301.png,120,188
302,2025-10-24 11:48:16.185394,C:\Users\28693\Desktop\udp\frames_png\frame_000302.png,120,188
303,2025-10-24 11:48:16.186811,C:\Users\28693\Desktop\udp\frames_png\frame_000303.png,120,188
304,2025-10-24 11:48:16.214702,C:\Users\28693\Desktop\udp\frames_png\frame_000304.png,120,188
305,2025-10-24 11:48:16.285557,C:\Users\28693\Desktop\udp\frames_png\frame_000305.png,120,188
306,2025-10-24 11:48:16.287435,C:\Users\28693\Desktop\udp\frames_png\frame_000306.png,120,188
307,2025-10-24 11:48:16.317458,C:\Users\28693\Desktop\udp\frames_png\frame_000307.png,120,188
308,2025-10-24 11:48:16.391921,C:\Users\28693\Desktop\udp\frames_png\frame_000308.png,120,188
309,2025-10-24 11:48:16.401244,C:\Users\28693\Desktop\udp\frames_png\frame_000309.png,120,188
310,2025-10-24 11:48:16.429069,C:\Users\28693\Desktop\udp\frames_png\frame_000310.png,120,188
311,2025-10-24 11:48:16.485748,C:\Users\28693\Desktop\udp\frames_png\frame_000311.png,120,188
312,2025-10-24 11:48:16.508322,C:\Users\28693\Desktop\udp\frames_png\frame_000312.png,120,188
313,2025-10-24 11:48:16.524324,C:\Users\28693\Desktop\udp\frames_png\frame_000313.png,120,188
314,2025-10-24 11:48:16.596872,C:\Users\28693\Desktop\udp\frames_png\frame_000314.png,120,188
315,2025-10-24 11:48:16.602535,C:\Users\28693\Desktop\udp\frames_png\frame_000315.png,120,188
316,2025-10-24 11:48:16.698527,C:\Users\28693\Desktop\udp\frames_png\frame_000316.png,120,188
317,2025-10-24 11:48:16.703194,C:\Users\28693\Desktop\udp\frames_png\frame_000317.png,120,188
318,2025-10-24 11:48:16.717712,C:\Users\28693\Desktop\udp\frames_png\frame_000318.png,120,188
319,2025-10-24 11:48:16.805493,C:\Users\28693\Desktop\udp\frames_png\frame_000319.png,120,188
320,2025-10-24 11:48:16.805493,C:\Users\28693\Desktop\udp\frames_png\frame_000320.png,120,188
321,2025-10-24 11:48:16.823266,C:\Users\28693\Desktop\udp\frames_png\frame_000321.png,120,188
322,2025-10-24 11:48:16.905543,C:\Users\28693\Desktop\udp\frames_png\frame_000322.png,120,188
323,2025-10-24 11:48:16.911856,C:\Users\28693\Desktop\udp\frames_png\frame_000323.png,120,188
324,2025-10-24 11:48:16.935344,C:\Users\28693\Desktop\udp\frames_png\frame_000324.png,120,188
325,2025-10-24 11:48:17.034961,C:\Users\28693\Desktop\udp\frames_png\frame_000325.png,120,188
326,2025-10-24 11:48:17.038465,C:\Users\28693\Desktop\udp\frames_png\frame_000326.png,120,188
327,2025-10-24 11:48:17.043072,C:\Users\28693\Desktop\udp\frames_png\frame_000327.png,120,188
328,2025-10-24 11:48:17.111277,C:\Users\28693\Desktop\udp\frames_png\frame_000328.png,120,188
329,2025-10-24 11:48:17.111277,C:\Users\28693\Desktop\udp\frames_png\frame_000329.png,120,188
330,2025-10-24 11:48:17.144186,C:\Users\28693\Desktop\udp\frames_png\frame_000330.png,120,188
331,2025-10-24 11:48:17.210959,C:\Users\28693\Desktop\udp\frames_png\frame_000331.png,120,188
332,2025-10-24 11:48:17.221851,C:\Users\28693\Desktop\udp\frames_png\frame_000332.png,120,188
333,2025-10-24 11:48:17.269039,C:\Users\28693\Desktop\udp\frames_png\frame_000333.png,120,188
334,2025-10-24 11:48:17.310430,C:\Users\28693\Desktop\udp\frames_png\frame_000334.png,120,188
335,2025-10-24 11:48:17.335717,C:\Users\28693\Desktop\udp\frames_png\frame_000335.png,120,188
336,2025-10-24 11:48:17.433329,C:\Users\28693\Desktop\udp\frames_png\frame_000336.png,120,188
337,2025-10-24 11:48:17.433329,C:\Users\28693\Desktop\udp\frames_png\frame_000337.png,120,188
338,2025-10-24 11:48:17.441765,C:\Users\28693\Desktop\udp\frames_png\frame_000338.png,120,188
339,2025-10-24 11:48:17.515218,C:\Users\28693\Desktop\udp\frames_png\frame_000339.png,120,188
340,2025-10-24 11:48:17.531841,C:\Users\28693\Desktop\udp\frames_png\frame_000340.png,120,188
341,2025-10-24 11:48:17.556552,C:\Users\28693\Desktop\udp\frames_png\frame_000341.png,120,188
342,2025-10-24 11:48:17.616830,C:\Users\28693\Desktop\udp\frames_png\frame_000342.png,120,188
343,2025-10-24 11:48:17.623010,C:\Users\28693\Desktop\udp\frames_png\frame_000343.png,120,188
344,2025-10-24 11:48:17.654763,C:\Users\28693\Desktop\udp\frames_png\frame_000344.png,120,188
345,2025-10-24 11:48:17.721407,C:\Users\28693\Desktop\udp\frames_png\frame_000345.png,120,188
346,2025-10-24 11:48:17.726778,C:\Users\28693\Desktop\udp\frames_png\frame_000346.png,120,188
347,2025-10-24 11:48:17.762063,C:\Users\28693\Desktop\udp\frames_png\frame_000347.png,120,188
348,2025-10-24 11:48:17.845709,C:\Users\28693\Desktop\udp\frames_png\frame_000348.png,120,188
349,2025-10-24 11:48:17.845709,C:\Users\28693\Desktop\udp\frames_png\frame_000349.png,120,188
350,2025-10-24 11:48:17.868415,C:\Users\28693\Desktop\udp\frames_png\frame_000350.png,120,188
351,2025-10-24 11:48:17.926027,C:\Users\28693\Desktop\udp\frames_png\frame_000351.png,120,188
352,2025-10-24 11:48:17.943266,C:\Users\28693\Desktop\udp\frames_png\frame_000352.png,120,188
353,2025-10-24 11:48:18.031826,C:\Users\28693\Desktop\udp\frames_png\frame_000353.png,120,188
354,2025-10-24 11:48:18.035712,C:\Users\28693\Desktop\udp\frames_png\frame_000354.png,120,188
355,2025-10-24 11:48:18.049804,C:\Users\28693\Desktop\udp\frames_png\frame_000355.png,120,188
356,2025-10-24 11:48:18.148990,C:\Users\28693\Desktop\udp\frames_png\frame_000356.png,120,188
357,2025-10-24 11:48:18.155998,C:\Users\28693\Desktop\udp\frames_png\frame_000357.png,120,188
358,2025-10-24 11:48:18.158165,C:\Users\28693\Desktop\udp\frames_png\frame_000358.png,120,188
359,2025-10-24 11:48:18.230960,C:\Users\28693\Desktop\udp\frames_png\frame_000359.png,120,188
360,2025-10-24 11:48:18.234530,C:\Users\28693\Desktop\udp\frames_png\frame_000360.png,120,188
361,2025-10-24 11:48:18.263075,C:\Users\28693\Desktop\udp\frames_png\frame_000361.png,120,188
362,2025-10-24 11:48:18.335807,C:\Users\28693\Desktop\udp\frames_png\frame_000362.png,120,188
363,2025-10-24 11:48:18.337689,C:\Users\28693\Desktop\udp\frames_png\frame_000363.png,120,188
364,2025-10-24 11:48:18.382979,C:\Users\28693\Desktop\udp\frames_png\frame_000364.png,120,188
365,2025-10-24 11:48:18.439856,C:\Users\28693\Desktop\udp\frames_png\frame_000365.png,120,188
366,2025-10-24 11:48:18.456013,C:\Users\28693\Desktop\udp\frames_png\frame_000366.png,120,188
367,2025-10-24 11:48:18.485294,C:\Users\28693\Desktop\udp\frames_png\frame_000367.png,120,188
368,2025-10-24 11:48:18.553948,C:\Users\28693\Desktop\udp\frames_png\frame_000368.png,120,188
369,2025-10-24 11:48:18.562856,C:\Users\28693\Desktop\udp\frames_png\frame_000369.png,120,188
370,2025-10-24 11:48:18.644805,C:\Users\28693\Desktop\udp\frames_png\frame_000370.png,120,188
371,2025-10-24 11:48:18.652861,C:\Users\28693\Desktop\udp\frames_png\frame_000371.png,120,188
372,2025-10-24 11:48:18.663497,C:\Users\28693\Desktop\udp\frames_png\frame_000372.png,120,188
373,2025-10-24 11:48:18.742471,C:\Users\28693\Desktop\udp\frames_png\frame_000373.png,120,188
374,2025-10-24 11:48:18.758891,C:\Users\28693\Desktop\udp\frames_png\frame_000374.png,120,188
375,2025-10-24 11:48:18.767230,C:\Users\28693\Desktop\udp\frames_png\frame_000375.png,120,188
376,2025-10-24 11:48:18.873301,C:\Users\28693\Desktop\udp\frames_png\frame_000376.png,120,188
377,2025-10-24 11:48:18.875802,C:\Users\28693\Desktop\udp\frames_png\frame_000377.png,120,188
378,2025-10-24 11:48:18.881601,C:\Users\28693\Desktop\udp\frames_png\frame_000378.png,120,188
379,2025-10-24 11:48:18.948502,C:\Users\28693\Desktop\udp\frames_png\frame_000379.png,120,188
380,2025-10-24 11:48:18.955718,C:\Users\28693\Desktop\udp\frames_png\frame_000380.png,120,188
381,2025-10-24 11:48:18.980479,C:\Users\28693\Desktop\udp\frames_png\frame_000381.png,120,188
382,2025-10-24 11:48:19.054052,C:\Users\28693\Desktop\udp\frames_png\frame_000382.png,120,188
383,2025-10-24 11:48:19.062079,C:\Users\28693\Desktop\udp\frames_png\frame_000383.png,120,188
384,2025-10-24 11:48:19.095964,C:\Users\28693\Desktop\udp\frames_png\frame_000384.png,120,188
385,2025-10-24 11:48:19.153425,C:\Users\28693\Desktop\udp\frames_png\frame_000385.png,120,188
386,2025-10-24 11:48:19.165173,C:\Users\28693\Desktop\udp\frames_png\frame_000386.png,120,188
387,2025-10-24 11:48:19.201175,C:\Users\28693\Desktop\udp\frames_png\frame_000387.png,120,188
388,2025-10-24 11:48:19.266781,C:\Users\28693\Desktop\udp\frames_png\frame_000388.png,120,188
389,2025-10-24 11:48:19.274791,C:\Users\28693\Desktop\udp\frames_png\frame_000389.png,120,188
390,2025-10-24 11:48:19.385762,C:\Users\28693\Desktop\udp\frames_png\frame_000390.png,120,188
391,2025-10-24 11:48:19.391052,C:\Users\28693\Desktop\udp\frames_png\frame_000391.png,120,188
392,2025-10-24 11:48:19.391052,C:\Users\28693\Desktop\udp\frames_png\frame_000392.png,120,188
393,2025-10-24 11:48:19.457236,C:\Users\28693\Desktop\udp\frames_png\frame_000393.png,120,188
394,2025-10-24 11:48:19.458340,C:\Users\28693\Desktop\udp\frames_png\frame_000394.png,120,188
395,2025-10-24 11:48:19.491021,C:\Users\28693\Desktop\udp\frames_png\frame_000395.png,120,188
396,2025-10-24 11:48:19.562235,C:\Users\28693\Desktop\udp\frames_png\frame_000396.png,120,188
397,2025-10-24 11:48:19.578110,C:\Users\28693\Desktop\udp\frames_png\frame_000397.png,120,188
398,2025-10-24 11:48:19.596572,C:\Users\28693\Desktop\udp\frames_png\frame_000398.png,120,188
399,2025-10-24 11:48:19.667525,C:\Users\28693\Desktop\udp\frames_png\frame_000399.png,120,188
400,2025-10-24 11:48:19.675784,C:\Users\28693\Desktop\udp\frames_png\frame_000400.png,120,188
401,2025-10-24 11:48:19.708932,C:\Users\28693\Desktop\udp\frames_png\frame_000401.png,120,188
402,2025-10-24 11:48:19.774517,C:\Users\28693\Desktop\udp\frames_png\frame_000402.png,120,188
403,2025-10-24 11:48:19.784042,C:\Users\28693\Desktop\udp\frames_png\frame_000403.png,120,188
404,2025-10-24 11:48:19.815962,C:\Users\28693\Desktop\udp\frames_png\frame_000404.png,120,188
405,2025-10-24 11:48:19.873478,C:\Users\28693\Desktop\udp\frames_png\frame_000405.png,120,188
406,2025-10-24 11:48:19.887871,C:\Users\28693\Desktop\udp\frames_png\frame_000406.png,120,188
407,2025-10-24 11:48:19.973280,C:\Users\28693\Desktop\udp\frames_png\frame_000407.png,120,188
408,2025-10-24 11:48:19.973280,C:\Users\28693\Desktop\udp\frames_png\frame_000408.png,120,188
409,2025-10-24 11:48:19.992001,C:\Users\28693\Desktop\udp\frames_png\frame_000409.png,120,188
410,2025-10-24 11:48:20.076396,C:\Users\28693\Desktop\udp\frames_png\frame_000410.png,120,188
411,2025-10-24 11:48:20.081588,C:\Users\28693\Desktop\udp\frames_png\frame_000411.png,120,188
412,2025-10-24 11:48:20.097878,C:\Users\28693\Desktop\udp\frames_png\frame_000412.png,120,188
413,2025-10-24 11:48:20.175894,C:\Users\28693\Desktop\udp\frames_png\frame_000413.png,120,188
414,2025-10-24 11:48:20.181199,C:\Users\28693\Desktop\udp\frames_png\frame_000414.png,120,188
415,2025-10-24 11:48:20.208592,C:\Users\28693\Desktop\udp\frames_png\frame_000415.png,120,188
416,2025-10-24 11:48:20.270787,C:\Users\28693\Desktop\udp\frames_png\frame_000416.png,120,188
417,2025-10-24 11:48:20.286568,C:\Users\28693\Desktop\udp\frames_png\frame_000417.png,120,188
418,2025-10-24 11:48:20.318431,C:\Users\28693\Desktop\udp\frames_png\frame_000418.png,120,188
419,2025-10-24 11:48:20.381688,C:\Users\28693\Desktop\udp\frames_png\frame_000419.png,120,188
420,2025-10-24 11:48:20.392116,C:\Users\28693\Desktop\udp\frames_png\frame_000420.png,120,188
421,2025-10-24 11:48:20.426829,C:\Users\28693\Desktop\udp\frames_png\frame_000421.png,120,188
422,2025-10-24 11:48:20.491394,C:\Users\28693\Desktop\udp\frames_png\frame_000422.png,120,188
423,2025-10-24 11:48:20.507111,C:\Users\28693\Desktop\udp\frames_png\frame_000423.png,120,188
424,2025-10-24 11:48:20.522748,C:\Users\28693\Desktop\udp\frames_png\frame_000424.png,120,188
425,2025-10-24 11:48:20.586055,C:\Users\28693\Desktop\udp\frames_png\frame_000425.png,120,188
426,2025-10-24 11:48:20.602173,C:\Users\28693\Desktop\udp\frames_png\frame_000426.png,120,188
427,2025-10-24 11:48:20.697728,C:\Users\28693\Desktop\udp\frames_png\frame_000427.png,120,188
428,2025-10-24 11:48:20.705067,C:\Users\28693\Desktop\udp\frames_png\frame_000428.png,120,188
429,2025-10-24 11:48:20.718536,C:\Users\28693\Desktop\udp\frames_png\frame_000429.png,120,188
430,2025-10-24 11:48:20.775764,C:\Users\28693\Desktop\udp\frames_png\frame_000430.png,120,188
431,2025-10-24 11:48:20.793530,C:\Users\28693\Desktop\udp\frames_png\frame_000431.png,120,188
432,2025-10-24 11:48:20.822884,C:\Users\28693\Desktop\udp\frames_png\frame_000432.png,120,188
433,2025-10-24 11:48:20.902718,C:\Users\28693\Desktop\udp\frames_png\frame_000433.png,120,188
434,2025-10-24 11:48:20.902718,C:\Users\28693\Desktop\udp\frames_png\frame_000434.png,120,188
435,2025-10-24 11:48:20.918800,C:\Users\28693\Desktop\udp\frames_png\frame_000435.png,120,188
436,2025-10-24 11:48:21.014077,C:\Users\28693\Desktop\udp\frames_png\frame_000436.png,120,188
437,2025-10-24 11:48:21.014077,C:\Users\28693\Desktop\udp\frames_png\frame_000437.png,120,188
438,2025-10-24 11:48:21.039857,C:\Users\28693\Desktop\udp\frames_png\frame_000438.png,120,188
439,2025-10-24 11:48:21.108728,C:\Users\28693\Desktop\udp\frames_png\frame_000439.png,120,188
440,2025-10-24 11:48:21.108728,C:\Users\28693\Desktop\udp\frames_png\frame_000440.png,120,188
441,2025-10-24 11:48:21.140066,C:\Users\28693\Desktop\udp\frames_png\frame_000441.png,120,188
442,2025-10-24 11:48:21.202803,C:\Users\28693\Desktop\udp\frames_png\frame_000442.png,120,188
443,2025-10-24 11:48:21.218547,C:\Users\28693\Desktop\udp\frames_png\frame_000443.png,120,188
444,2025-10-24 11:48:21.300226,C:\Users\28693\Desktop\udp\frames_png\frame_000444.png,120,188
445,2025-10-24 11:48:21.300226,C:\Users\28693\Desktop\udp\frames_png\frame_000445.png,120,188
446,2025-10-24 11:48:21.315202,C:\Users\28693\Desktop\udp\frames_png\frame_000446.png,120,188
447,2025-10-24 11:48:21.394474,C:\Users\28693\Desktop\udp\frames_png\frame_000447.png,120,188
448,2025-10-24 11:48:21.410146,C:\Users\28693\Desktop\udp\frames_png\frame_000448.png,120,188
449,2025-10-24 11:48:21.425912,C:\Users\28693\Desktop\udp\frames_png\frame_000449.png,120,188
450,2025-10-24 11:48:21.505295,C:\Users\28693\Desktop\udp\frames_png\frame_000450.png,120,188
451,2025-10-24 11:48:21.505295,C:\Users\28693\Desktop\udp\frames_png\frame_000451.png,120,188
452,2025-10-24 11:48:21.537916,C:\Users\28693\Desktop\udp\frames_png\frame_000452.png,120,188
453,2025-10-24 11:48:21.612257,C:\Users\28693\Desktop\udp\frames_png\frame_000453.png,120,188
454,2025-10-24 11:48:21.614121,C:\Users\28693\Desktop\udp\frames_png\frame_000454.png,120,188
455,2025-10-24 11:48:21.645500,C:\Users\28693\Desktop\udp\frames_png\frame_000455.png,120,188
456,2025-10-24 11:48:21.718713,C:\Users\28693\Desktop\udp\frames_png\frame_000456.png,120,188
457,2025-10-24 11:48:21.728401,C:\Users\28693\Desktop\udp\frames_png\frame_000457.png,120,188
458,2025-10-24 11:48:21.753094,C:\Users\28693\Desktop\udp\frames_png\frame_000458.png,120,188
459,2025-10-24 11:48:21.831316,C:\Users\28693\Desktop\udp\frames_png\frame_000459.png,120,188
460,2025-10-24 11:48:21.836813,C:\Users\28693\Desktop\udp\frames_png\frame_000460.png,120,188
461,2025-10-24 11:48:21.917861,C:\Users\28693\Desktop\udp\frames_png\frame_000461.png,120,188
462,2025-10-24 11:48:21.925957,C:\Users\28693\Desktop\udp\frames_png\frame_000462.png,120,188
463,2025-10-24 11:48:21.942501,C:\Users\28693\Desktop\udp\frames_png\frame_000463.png,120,188
464,2025-10-24 11:48:22.024283,C:\Users\28693\Desktop\udp\frames_png\frame_000464.png,120,188
465,2025-10-24 11:48:22.030860,C:\Users\28693\Desktop\udp\frames_png\frame_000465.png,120,188
466,2025-10-24 11:48:22.052792,C:\Users\28693\Desktop\udp\frames_png\frame_000466.png,120,188
467,2025-10-24 11:48:22.120226,C:\Users\28693\Desktop\udp\frames_png\frame_000467.png,120,188
468,2025-10-24 11:48:22.136637,C:\Users\28693\Desktop\udp\frames_png\frame_000468.png,120,188
469,2025-10-24 11:48:22.154490,C:\Users\28693\Desktop\udp\frames_png\frame_000469.png,120,188
470,2025-10-24 11:48:22.225568,C:\Users\28693\Desktop\udp\frames_png\frame_000470.png,120,188
471,2025-10-24 11:48:22.242251,C:\Users\28693\Desktop\udp\frames_png\frame_000471.png,120,188
472,2025-10-24 11:48:22.262815,C:\Users\28693\Desktop\udp\frames_png\frame_000472.png,120,188
473,2025-10-24 11:48:22.332705,C:\Users\28693\Desktop\udp\frames_png\frame_000473.png,120,188
474,2025-10-24 11:48:22.332705,C:\Users\28693\Desktop\udp\frames_png\frame_000474.png,120,188
475,2025-10-24 11:48:22.365127,C:\Users\28693\Desktop\udp\frames_png\frame_000475.png,120,188
476,2025-10-24 11:48:22.444587,C:\Users\28693\Desktop\udp\frames_png\frame_000476.png,120,188
477,2025-10-24 11:48:22.444587,C:\Users\28693\Desktop\udp\frames_png\frame_000477.png,120,188
478,2025-10-24 11:48:22.475905,C:\Users\28693\Desktop\udp\frames_png\frame_000478.png,120,188
479,2025-10-24 11:48:22.539574,C:\Users\28693\Desktop\udp\frames_png\frame_000479.png,120,188
480,2025-10-24 11:48:22.544766,C:\Users\28693\Desktop\udp\frames_png\frame_000480.png,120,188
481,2025-10-24 11:48:22.638446,C:\Users\28693\Desktop\udp\frames_png\frame_000481.png,120,188
482,2025-10-24 11:48:22.642491,C:\Users\28693\Desktop\udp\frames_png\frame_000482.png,120,188
483,2025-10-24 11:48:22.654088,C:\Users\28693\Desktop\udp\frames_png\frame_000483.png,120,188
484,2025-10-24 11:48:22.738672,C:\Users\28693\Desktop\udp\frames_png\frame_000484.png,120,188
485,2025-10-24 11:48:22.755968,C:\Users\28693\Desktop\udp\frames_png\frame_000485.png,120,188
486,2025-10-24 11:48:22.764887,C:\Users\28693\Desktop\udp\frames_png\frame_000486.png,120,188
487,2025-10-24 11:48:22.836357,C:\Users\28693\Desktop\udp\frames_png\frame_000487.png,120,188
488,2025-10-24 11:48:22.849879,C:\Users\28693\Desktop\udp\frames_png\frame_000488.png,120,188
489,2025-10-24 11:48:22.881643,C:\Users\28693\Desktop\udp\frames_png\frame_000489.png,120,188
490,2025-10-24 11:48:22.945452,C:\Users\28693\Desktop\udp\frames_png\frame_000490.png,120,188
491,2025-10-24 11:48:22.945452,C:\Users\28693\Desktop\udp\frames_png\frame_000491.png,120,188
492,2025-10-24 11:48:22.992797,C:\Users\28693\Desktop\udp\frames_png\frame_000492.png,120,188
493,2025-10-24 11:48:23.040599,C:\Users\28693\Desktop\udp\frames_png\frame_000493.png,120,188
494,2025-10-24 11:48:23.056382,C:\Users\28693\Desktop\udp\frames_png\frame_000494.png,120,188
495,2025-10-24 11:48:23.088368,C:\Users\28693\Desktop\udp\frames_png\frame_000495.png,120,188
496,2025-10-24 11:48:23.161557,C:\Users\28693\Desktop\udp\frames_png\frame_000496.png,120,188
497,2025-10-24 11:48:23.161557,C:\Users\28693\Desktop\udp\frames_png\frame_000497.png,120,188
498,2025-10-24 11:48:23.194182,C:\Users\28693\Desktop\udp\frames_png\frame_000498.png,120,188
499,2025-10-24 11:48:23.257192,C:\Users\28693\Desktop\udp\frames_png\frame_000499.png,120,188
500,2025-10-24 11:48:23.262345,C:\Users\28693\Desktop\udp\frames_png\frame_000500.png,120,188
501,2025-10-24 11:48:23.361424,C:\Users\28693\Desktop\udp\frames_png\frame_000501.png,120,188
502,2025-10-24 11:48:23.361424,C:\Users\28693\Desktop\udp\frames_png\frame_000502.png,120,188
503,2025-10-24 11:48:23.385688,C:\Users\28693\Desktop\udp\frames_png\frame_000503.png,120,188
504,2025-10-24 11:48:23.452963,C:\Users\28693\Desktop\udp\frames_png\frame_000504.png,120,188
505,2025-10-24 11:48:23.452963,C:\Users\28693\Desktop\udp\frames_png\frame_000505.png,120,188
506,2025-10-24 11:48:23.484389,C:\Users\28693\Desktop\udp\frames_png\frame_000506.png,120,188
507,2025-10-24 11:48:23.562290,C:\Users\28693\Desktop\udp\frames_png\frame_000507.png,120,188
508,2025-10-24 11:48:23.565763,C:\Users\28693\Desktop\udp\frames_png\frame_000508.png,120,188
509,2025-10-24 11:48:23.594278,C:\Users\28693\Desktop\udp\frames_png\frame_000509.png,120,188
510,2025-10-24 11:48:23.648474,C:\Users\28693\Desktop\udp\frames_png\frame_000510.png,120,188
511,2025-10-24 11:48:23.667172,C:\Users\28693\Desktop\udp\frames_png\frame_000511.png,120,188
512,2025-10-24 11:48:23.706270,C:\Users\28693\Desktop\udp\frames_png\frame_000512.png,120,188
513,2025-10-24 11:48:23.769461,C:\Users\28693\Desktop\udp\frames_png\frame_000513.png,120,188
514,2025-10-24 11:48:23.777941,C:\Users\28693\Desktop\udp\frames_png\frame_000514.png,120,188
515,2025-10-24 11:48:23.810755,C:\Users\28693\Desktop\udp\frames_png\frame_000515.png,120,188
516,2025-10-24 11:48:23.876049,C:\Users\28693\Desktop\udp\frames_png\frame_000516.png,120,188
517,2025-10-24 11:48:23.876049,C:\Users\28693\Desktop\udp\frames_png\frame_000517.png,120,188
518,2025-10-24 11:48:23.961487,C:\Users\28693\Desktop\udp\frames_png\frame_000518.png,120,188
519,2025-10-24 11:48:23.973555,C:\Users\28693\Desktop\udp\frames_png\frame_000519.png,120,188
520,2025-10-24 11:48:23.990947,C:\Users\28693\Desktop\udp\frames_png\frame_000520.png,120,188
521,2025-10-24 11:48:24.064940,C:\Users\28693\Desktop\udp\frames_png\frame_000521.png,120,188
522,2025-10-24 11:48:24.073329,C:\Users\28693\Desktop\udp\frames_png\frame_000522.png,120,188
523,2025-10-24 11:48:24.097650,C:\Users\28693\Desktop\udp\frames_png\frame_000523.png,120,188
524,2025-10-24 11:48:24.163091,C:\Users\28693\Desktop\udp\frames_png\frame_000524.png,120,188
525,2025-10-24 11:48:24.179998,C:\Users\28693\Desktop\udp\frames_png\frame_000525.png,120,188
526,2025-10-24 11:48:24.211180,C:\Users\28693\Desktop\udp\frames_png\frame_000526.png,120,188
527,2025-10-24 11:48:24.264969,C:\Users\28693\Desktop\udp\frames_png\frame_000527.png,120,188
528,2025-10-24 11:48:24.278465,C:\Users\28693\Desktop\udp\frames_png\frame_000528.png,120,188
529,2025-10-24 11:48:24.313170,C:\Users\28693\Desktop\udp\frames_png\frame_000529.png,120,188
530,2025-10-24 11:48:24.382831,C:\Users\28693\Desktop\udp\frames_png\frame_000530.png,120,188
531,2025-10-24 11:48:24.399367,C:\Users\28693\Desktop\udp\frames_png\frame_000531.png,120,188
532,2025-10-24 11:48:24.418597,C:\Users\28693\Desktop\udp\frames_png\frame_000532.png,120,188
533,2025-10-24 11:48:24.489285,C:\Users\28693\Desktop\udp\frames_png\frame_000533.png,120,188
534,2025-10-24 11:48:24.495049,C:\Users\28693\Desktop\udp\frames_png\frame_000534.png,120,188
535,2025-10-24 11:48:24.529974,C:\Users\28693\Desktop\udp\frames_png\frame_000535.png,120,188
536,2025-10-24 11:48:24.586860,C:\Users\28693\Desktop\udp\frames_png\frame_000536.png,120,188
537,2025-10-24 11:48:24.595171,C:\Users\28693\Desktop\udp\frames_png\frame_000537.png,120,188
538,2025-10-24 11:48:24.701321,C:\Users\28693\Desktop\udp\frames_png\frame_000538.png,120,188
539,2025-10-24 11:48:24.701321,C:\Users\28693\Desktop\udp\frames_png\frame_000539.png,120,188
540,2025-10-24 11:48:24.709085,C:\Users\28693\Desktop\udp\frames_png\frame_000540.png,120,188
541,2025-10-24 11:48:24.781595,C:\Users\28693\Desktop\udp\frames_png\frame_000541.png,120,188
542,2025-10-24 11:48:24.783843,C:\Users\28693\Desktop\udp\frames_png\frame_000542.png,120,188
543,2025-10-24 11:48:24.817354,C:\Users\28693\Desktop\udp\frames_png\frame_000543.png,120,188
544,2025-10-24 11:48:24.888913,C:\Users\28693\Desktop\udp\frames_png\frame_000544.png,120,188
545,2025-10-24 11:48:24.894772,C:\Users\28693\Desktop\udp\frames_png\frame_000545.png,120,188
546,2025-10-24 11:48:24.925034,C:\Users\28693\Desktop\udp\frames_png\frame_000546.png,120,188
547,2025-10-24 11:48:24.994063,C:\Users\28693\Desktop\udp\frames_png\frame_000547.png,120,188
