frame_id,png_path,frame_host_iso,h,w,log_host_iso,log_stm32_ts_us,log_text_utf8,host_dt_diff_ms,log_text_hex
1,C:\Users\28693\Desktop\udp\frames_png\frame_000001.png,2025-10-24 11:48:05.330036,120,188,,,,,
2,C:\Users\28693\Desktop\udp\frames_png\frame_000002.png,2025-10-24 11:48:05.338365,120,188,,,,,
3,C:\Users\28693\Desktop\udp\frames_png\frame_000003.png,2025-10-24 11:48:05.374572,120,188,,,,,
4,C:\Users\28693\Desktop\udp\frames_png\frame_000004.png,2025-10-24 11:48:05.437395,120,188,,,,,
5,C:\Users\28693\Desktop\udp\frames_png\frame_000005.png,2025-10-24 11:48:05.461787,120,188,,,,,
6,C:\Users\28693\Desktop\udp\frames_png\frame_000006.png,2025-10-24 11:48:05.478115,120,188,,,,,
7,C:\Users\28693\Desktop\udp\frames_png\frame_000007.png,2025-10-24 11:48:05.544030,120,188,,,,,
8,C:\Users\28693\Desktop\udp\frames_png\frame_000008.png,2025-10-24 11:48:05.552390,120,188,,,,,
9,C:\Users\28693\Desktop\udp\frames_png\frame_000009.png,2025-10-24 11:48:05.636375,120,188,,,,,
10,C:\Users\28693\Desktop\udp\frames_png\frame_000010.png,2025-10-24 11:48:05.643326,120,188,,,,,
11,C:\Users\28693\Desktop\udp\frames_png\frame_000011.png,2025-10-24 11:48:05.659058,120,188,,,,,
12,C:\Users\28693\Desktop\udp\frames_png\frame_000012.png,2025-10-24 11:48:05.738577,120,188,,,,,
13,C:\Users\28693\Desktop\udp\frames_png\frame_000013.png,2025-10-24 11:48:05.740581,120,188,,,,,
14,C:\Users\28693\Desktop\udp\frames_png\frame_000014.png,2025-10-24 11:48:05.765762,120,188,,,,,
15,C:\Users\28693\Desktop\udp\frames_png\frame_000015.png,2025-10-24 11:48:05.845378,120,188,,,,,
16,C:\Users\28693\Desktop\udp\frames_png\frame_000016.png,2025-10-24 11:48:05.853787,120,188,,,,,
17,C:\Users\28693\Desktop\udp\frames_png\frame_000017.png,2025-10-24 11:48:05.880163,120,188,,,,,
18,C:\Users\28693\Desktop\udp\frames_png\frame_000018.png,2025-10-24 11:48:05.944871,120,188,,,,,
19,C:\Users\28693\Desktop\udp\frames_png\frame_000019.png,2025-10-24 11:48:05.944871,120,188,,,,,
20,C:\Users\28693\Desktop\udp\frames_png\frame_000020.png,2025-10-24 11:48:05.993656,120,188,,,,,
21,C:\Users\28693\Desktop\udp\frames_png\frame_000021.png,2025-10-24 11:48:06.050779,120,188,,,,,
22,C:\Users\28693\Desktop\udp\frames_png\frame_000022.png,2025-10-24 11:48:06.066987,120,188,,,,,
23,C:\Users\28693\Desktop\udp\frames_png\frame_000023.png,2025-10-24 11:48:06.099366,120,188,,,,,
24,C:\Users\28693\Desktop\udp\frames_png\frame_000024.png,2025-10-24 11:48:06.156893,120,188,,,,,
25,C:\Users\28693\Desktop\udp\frames_png\frame_000025.png,2025-10-24 11:48:06.158096,120,188,,,,,
26,C:\Users\28693\Desktop\udp\frames_png\frame_000026.png,2025-10-24 11:48:06.262094,120,188,,,,,
27,C:\Users\28693\Desktop\udp\frames_png\frame_000027.png,2025-10-24 11:48:06.262094,120,188,,,,,
28,C:\Users\28693\Desktop\udp\frames_png\frame_000028.png,2025-10-24 11:48:06.300244,120,188,,,,,
29,C:\Users\28693\Desktop\udp\frames_png\frame_000029.png,2025-10-24 11:48:06.351090,120,188,,,,,
30,C:\Users\28693\Desktop\udp\frames_png\frame_000030.png,2025-10-24 11:48:06.355954,120,188,,,,,
31,C:\Users\28693\Desktop\udp\frames_png\frame_000031.png,2025-10-24 11:48:06.382409,120,188,,,,,
32,C:\Users\28693\Desktop\udp\frames_png\frame_000032.png,2025-10-24 11:48:06.450028,120,188,,,,,
33,C:\Users\28693\Desktop\udp\frames_png\frame_000033.png,2025-10-24 11:48:06.465767,120,188,,,,,
34,C:\Users\28693\Desktop\udp\frames_png\frame_000034.png,2025-10-24 11:48:06.489320,120,188,,,,,
35,C:\Users\28693\Desktop\udp\frames_png\frame_000035.png,2025-10-24 11:48:06.561850,120,188,,,,,
36,C:\Users\28693\Desktop\udp\frames_png\frame_000036.png,2025-10-24 11:48:06.563079,120,188,,,,,
37,C:\Users\28693\Desktop\udp\frames_png\frame_000037.png,2025-10-24 11:48:06.594779,120,188,,,,,
38,C:\Users\28693\Desktop\udp\frames_png\frame_000038.png,2025-10-24 11:48:06.671169,120,188,,,,,
39,C:\Users\28693\Desktop\udp\frames_png\frame_000039.png,2025-10-24 11:48:06.675607,120,188,,,,,
40,C:\Users\28693\Desktop\udp\frames_png\frame_000040.png,2025-10-24 11:48:06.708489,120,188,,,,,
41,C:\Users\28693\Desktop\udp\frames_png\frame_000041.png,2025-10-24 11:48:06.757644,120,188,,,,,
42,C:\Users\28693\Desktop\udp\frames_png\frame_000042.png,2025-10-24 11:48:06.775839,120,188,,,,,
43,C:\Users\28693\Desktop\udp\frames_png\frame_000043.png,2025-10-24 11:48:06.864327,120,188,,,,,
44,C:\Users\28693\Desktop\udp\frames_png\frame_000044.png,2025-10-24 11:48:06.872583,120,188,,,,,
45,C:\Users\28693\Desktop\udp\frames_png\frame_000045.png,2025-10-24 11:48:06.889208,120,188,,,,,
46,C:\Users\28693\Desktop\udp\frames_png\frame_000046.png,2025-10-24 11:48:06.979506,120,188,,,,,
47,C:\Users\28693\Desktop\udp\frames_png\frame_000047.png,2025-10-24 11:48:06.980661,120,188,,,,,
48,C:\Users\28693\Desktop\udp\frames_png\frame_000048.png,2025-10-24 11:48:06.996807,120,188,,,,,
49,C:\Users\28693\Desktop\udp\frames_png\frame_000049.png,2025-10-24 11:48:07.077681,120,188,,,,,
50,C:\Users\28693\Desktop\udp\frames_png\frame_000050.png,2025-10-24 11:48:07.086110,120,188,,,,,
51,C:\Users\28693\Desktop\udp\frames_png\frame_000051.png,2025-10-24 11:48:07.101979,120,188,,,,,
52,C:\Users\28693\Desktop\udp\frames_png\frame_000052.png,2025-10-24 11:48:07.174080,120,188,,,,,
53,C:\Users\28693\Desktop\udp\frames_png\frame_000053.png,2025-10-24 11:48:07.176084,120,188,,,,,
54,C:\Users\28693\Desktop\udp\frames_png\frame_000054.png,2025-10-24 11:48:07.205748,120,188,,,,,
55,C:\Users\28693\Desktop\udp\frames_png\frame_000055.png,2025-10-24 11:48:07.276316,120,188,,,,,
56,C:\Users\28693\Desktop\udp\frames_png\frame_000056.png,2025-10-24 11:48:07.284883,120,188,,,,,
57,C:\Users\28693\Desktop\udp\frames_png\frame_000057.png,2025-10-24 11:48:07.316392,120,188,,,,,
58,C:\Users\28693\Desktop\udp\frames_png\frame_000058.png,2025-10-24 11:48:07.385568,120,188,,,,,
59,C:\Users\28693\Desktop\udp\frames_png\frame_000059.png,2025-10-24 11:48:07.385568,120,188,,,,,
60,C:\Users\28693\Desktop\udp\frames_png\frame_000060.png,2025-10-24 11:48:07.427122,120,188,,,,,
61,C:\Users\28693\Desktop\udp\frames_png\frame_000061.png,2025-10-24 11:48:07.490876,120,188,,,,,
62,C:\Users\28693\Desktop\udp\frames_png\frame_000062.png,2025-10-24 11:48:07.496379,120,188,,,,,
63,C:\Users\28693\Desktop\udp\frames_png\frame_000063.png,2025-10-24 11:48:07.589661,120,188,,,,,
64,C:\Users\28693\Desktop\udp\frames_png\frame_000064.png,2025-10-24 11:48:07.589661,120,188,,,,,
65,C:\Users\28693\Desktop\udp\frames_png\frame_000065.png,2025-10-24 11:48:07.609864,120,188,,,,,
66,C:\Users\28693\Desktop\udp\frames_png\frame_000066.png,2025-10-24 11:48:07.680935,120,188,,,,,
67,C:\Users\28693\Desktop\udp\frames_png\frame_000067.png,2025-10-24 11:48:07.680935,120,188,,,,,
68,C:\Users\28693\Desktop\udp\frames_png\frame_000068.png,2025-10-24 11:48:07.712630,120,188,,,,,
69,C:\Users\28693\Desktop\udp\frames_png\frame_000069.png,2025-10-24 11:48:07.776719,120,188,,,,,
70,C:\Users\28693\Desktop\udp\frames_png\frame_000070.png,2025-10-24 11:48:07.792428,120,188,,,,,
71,C:\Users\28693\Desktop\udp\frames_png\frame_000071.png,2025-10-24 11:48:07.823787,120,188,,,,,
72,C:\Users\28693\Desktop\udp\frames_png\frame_000072.png,2025-10-24 11:48:07.894949,120,188,,,,,
73,C:\Users\28693\Desktop\udp\frames_png\frame_000073.png,2025-10-24 11:48:07.896953,120,188,,,,,
74,C:\Users\28693\Desktop\udp\frames_png\frame_000074.png,2025-10-24 11:48:07.918928,120,188,,,,,
75,C:\Users\28693\Desktop\udp\frames_png\frame_000075.png,2025-10-24 11:48:08.029766,120,188,,,,,
76,C:\Users\28693\Desktop\udp\frames_png\frame_000076.png,2025-10-24 11:48:08.029766,120,188,,,,,
77,C:\Users\28693\Desktop\udp\frames_png\frame_000077.png,2025-10-24 11:48:08.029766,120,188,,,,,
78,C:\Users\28693\Desktop\udp\frames_png\frame_000078.png,2025-10-24 11:48:08.109447,120,188,,,,,
79,C:\Users\28693\Desktop\udp\frames_png\frame_000079.png,2025-10-24 11:48:08.111258,120,188,,,,,
80,C:\Users\28693\Desktop\udp\frames_png\frame_000080.png,2025-10-24 11:48:08.188134,120,188,,,,,
81,C:\Users\28693\Desktop\udp\frames_png\frame_000081.png,2025-10-24 11:48:08.188134,120,188,,,,,
82,C:\Users\28693\Desktop\udp\frames_png\frame_000082.png,2025-10-24 11:48:08.221232,120,188,,,,,
83,C:\Users\28693\Desktop\udp\frames_png\frame_000083.png,2025-10-24 11:48:08.299386,120,188,,,,,
84,C:\Users\28693\Desktop\udp\frames_png\frame_000084.png,2025-10-24 11:48:08.300422,120,188,,,,,
85,C:\Users\28693\Desktop\udp\frames_png\frame_000085.png,2025-10-24 11:48:08.315111,120,188,,,,,
86,C:\Users\28693\Desktop\udp\frames_png\frame_000086.png,2025-10-24 11:48:08.406981,120,188,,,,,
87,C:\Users\28693\Desktop\udp\frames_png\frame_000087.png,2025-10-24 11:48:08.411085,120,188,,,,,
88,C:\Users\28693\Desktop\udp\frames_png\frame_000088.png,2025-10-24 11:48:08.435041,120,188,,,,,
89,C:\Users\28693\Desktop\udp\frames_png\frame_000089.png,2025-10-24 11:48:08.508164,120,188,,,,,
90,C:\Users\28693\Desktop\udp\frames_png\frame_000090.png,2025-10-24 11:48:08.512169,120,188,,,,,
91,C:\Users\28693\Desktop\udp\frames_png\frame_000091.png,2025-10-24 11:48:08.541132,120,188,,,,,
92,C:\Users\28693\Desktop\udp\frames_png\frame_000092.png,2025-10-24 11:48:08.607662,120,188,,,,,
93,C:\Users\28693\Desktop\udp\frames_png\frame_000093.png,2025-10-24 11:48:08.632139,120,188,,,,,
94,C:\Users\28693\Desktop\udp\frames_png\frame_000094.png,2025-10-24 11:48:08.652282,120,188,,,,,
95,C:\Users\28693\Desktop\udp\frames_png\frame_000095.png,2025-10-24 11:48:08.714375,120,188,,,,,
96,C:\Users\28693\Desktop\udp\frames_png\frame_000096.png,2025-10-24 11:48:08.722864,120,188,,,,,
97,C:\Users\28693\Desktop\udp\frames_png\frame_000097.png,2025-10-24 11:48:08.756715,120,188,,,,,
98,C:\Users\28693\Desktop\udp\frames_png\frame_000098.png,2025-10-24 11:48:08.821404,120,188,,,,,
99,C:\Users\28693\Desktop\udp\frames_png\frame_000099.png,2025-10-24 11:48:08.826545,120,188,,,,,
100,C:\Users\28693\Desktop\udp\frames_png\frame_000100.png,2025-10-24 11:48:08.924765,120,188,,,,,
101,C:\Users\28693\Desktop\udp\frames_png\frame_000101.png,2025-10-24 11:48:08.924765,120,188,,,,,
102,C:\Users\28693\Desktop\udp\frames_png\frame_000102.png,2025-10-24 11:48:08.942573,120,188,,,,,
103,C:\Users\28693\Desktop\udp\frames_png\frame_000103.png,2025-10-24 11:48:09.015885,120,188,,,,,
104,C:\Users\28693\Desktop\udp\frames_png\frame_000104.png,2025-10-24 11:48:09.015885,120,188,,,,,
105,C:\Users\28693\Desktop\udp\frames_png\frame_000105.png,2025-10-24 11:48:09.050286,120,188,,,,,
106,C:\Users\28693\Desktop\udp\frames_png\frame_000106.png,2025-10-24 11:48:09.130914,120,188,,,,,
107,C:\Users\28693\Desktop\udp\frames_png\frame_000107.png,2025-10-24 11:48:09.132057,120,188,,,,,
108,C:\Users\28693\Desktop\udp\frames_png\frame_000108.png,2025-10-24 11:48:09.156869,120,188,,,,,
109,C:\Users\28693\Desktop\udp\frames_png\frame_000109.png,2025-10-24 11:48:09.229703,120,188,,,,,
110,C:\Users\28693\Desktop\udp\frames_png\frame_000110.png,2025-10-24 11:48:09.231466,120,188,,,,,
111,C:\Users\28693\Desktop\udp\frames_png\frame_000111.png,2025-10-24 11:48:09.261349,120,188,,,,,
112,C:\Users\28693\Desktop\udp\frames_png\frame_000112.png,2025-10-24 11:48:09.324785,120,188,,,,,
113,C:\Users\28693\Desktop\udp\frames_png\frame_000113.png,2025-10-24 11:48:09.337087,120,188,,,,,
114,C:\Users\28693\Desktop\udp\frames_png\frame_000114.png,2025-10-24 11:48:09.372261,120,188,,,,,
115,C:\Users\28693\Desktop\udp\frames_png\frame_000115.png,2025-10-24 11:48:09.424380,120,188,,,,,
116,C:\Users\28693\Desktop\udp\frames_png\frame_000116.png,2025-10-24 11:48:09.437215,120,188,,,,,
117,C:\Users\28693\Desktop\udp\frames_png\frame_000117.png,2025-10-24 11:48:09.515288,120,188,,,,,
118,C:\Users\28693\Desktop\udp\frames_png\frame_000118.png,2025-10-24 11:48:09.531046,120,188,,,,,
119,C:\Users\28693\Desktop\udp\frames_png\frame_000119.png,2025-10-24 11:48:09.546700,120,188,,,,,
120,C:\Users\28693\Desktop\udp\frames_png\frame_000120.png,2025-10-24 11:48:09.633460,120,188,,,,,
121,C:\Users\28693\Desktop\udp\frames_png\frame_000121.png,2025-10-24 11:48:09.637540,120,188,,,,,
122,C:\Users\28693\Desktop\udp\frames_png\frame_000122.png,2025-10-24 11:48:09.661316,120,188,,,,,
123,C:\Users\28693\Desktop\udp\frames_png\frame_000123.png,2025-10-24 11:48:09.732665,120,188,,,,,
124,C:\Users\28693\Desktop\udp\frames_png\frame_000124.png,2025-10-24 11:48:09.733939,120,188,,,,,
125,C:\Users\28693\Desktop\udp\frames_png\frame_000125.png,2025-10-24 11:48:09.770054,120,188,,,,,
126,C:\Users\28693\Desktop\udp\frames_png\frame_000126.png,2025-10-24 11:48:09.834365,120,188,,,,,
127,C:\Users\28693\Desktop\udp\frames_png\frame_000127.png,2025-10-24 11:48:09.843256,120,188,,,,,
128,C:\Users\28693\Desktop\udp\frames_png\frame_000128.png,2025-10-24 11:48:09.874606,120,188,,,,,
129,C:\Users\28693\Desktop\udp\frames_png\frame_000129.png,2025-10-24 11:48:09.938027,120,188,,,,,
130,C:\Users\28693\Desktop\udp\frames_png\frame_000130.png,2025-10-24 11:48:09.954367,120,188,,,,,
131,C:\Users\28693\Desktop\udp\frames_png\frame_000131.png,2025-10-24 11:48:09.986427,120,188,,,,,
132,C:\Users\28693\Desktop\udp\frames_png\frame_000132.png,2025-10-24 11:48:10.051690,120,188,,,,,
133,C:\Users\28693\Desktop\udp\frames_png\frame_000133.png,2025-10-24 11:48:10.052629,120,188,,,,,
134,C:\Users\28693\Desktop\udp\frames_png\frame_000134.png,2025-10-24 11:48:10.131128,120,188,,,,,
135,C:\Users\28693\Desktop\udp\frames_png\frame_000135.png,2025-10-24 11:48:10.146770,120,188,,,,,
136,C:\Users\28693\Desktop\udp\frames_png\frame_000136.png,2025-10-24 11:48:10.170898,120,188,,,,,
137,C:\Users\28693\Desktop\udp\frames_png\frame_000137.png,2025-10-24 11:48:10.247556,120,188,,,,,
138,C:\Users\28693\Desktop\udp\frames_png\frame_000138.png,2025-10-24 11:48:10.250915,120,188,,,,,
139,C:\Users\28693\Desktop\udp\frames_png\frame_000139.png,2025-10-24 11:48:10.269851,120,188,,,,,
140,C:\Users\28693\Desktop\udp\frames_png\frame_000140.png,2025-10-24 11:48:10.342153,120,188,,,,,
141,C:\Users\28693\Desktop\udp\frames_png\frame_000141.png,2025-10-24 11:48:10.342153,120,188,,,,,
142,C:\Users\28693\Desktop\udp\frames_png\frame_000142.png,2025-10-24 11:48:10.382728,120,188,,,,,
143,C:\Users\28693\Desktop\udp\frames_png\frame_000143.png,2025-10-24 11:48:10.448877,120,188,,,,,
144,C:\Users\28693\Desktop\udp\frames_png\frame_000144.png,2025-10-24 11:48:10.457027,120,188,,,,,
145,C:\Users\28693\Desktop\udp\frames_png\frame_000145.png,2025-10-24 11:48:10.490143,120,188,,,,,
146,C:\Users\28693\Desktop\udp\frames_png\frame_000146.png,2025-10-24 11:48:10.555831,120,188,,,,,
147,C:\Users\28693\Desktop\udp\frames_png\frame_000147.png,2025-10-24 11:48:10.572365,120,188,,,,,
148,C:\Users\28693\Desktop\udp\frames_png\frame_000148.png,2025-10-24 11:48:10.598210,120,188,,,,,
149,C:\Users\28693\Desktop\udp\frames_png\frame_000149.png,2025-10-24 11:48:10.663069,120,188,,,,,
150,C:\Users\28693\Desktop\udp\frames_png\frame_000150.png,2025-10-24 11:48:10.671508,120,188,,,,,
151,C:\Users\28693\Desktop\udp\frames_png\frame_000151.png,2025-10-24 11:48:10.761716,120,188,,,,,
152,C:\Users\28693\Desktop\udp\frames_png\frame_000152.png,2025-10-24 11:48:10.761716,120,188,,,,,
153,C:\Users\28693\Desktop\udp\frames_png\frame_000153.png,2025-10-24 11:48:10.778233,120,188,,,,,
154,C:\Users\28693\Desktop\udp\frames_png\frame_000154.png,2025-10-24 11:48:10.857092,120,188,,,,,
155,C:\Users\28693\Desktop\udp\frames_png\frame_000155.png,2025-10-24 11:48:10.859967,120,188,,,,,
156,C:\Users\28693\Desktop\udp\frames_png\frame_000156.png,2025-10-24 11:48:10.887315,120,188,,,,,
157,C:\Users\28693\Desktop\udp\frames_png\frame_000157.png,2025-10-24 11:48:10.959577,120,188,,,,,
158,C:\Users\28693\Desktop\udp\frames_png\frame_000158.png,2025-10-24 11:48:10.963110,120,188,,,,,
159,C:\Users\28693\Desktop\udp\frames_png\frame_000159.png,2025-10-24 11:48:10.991880,120,188,,,,,
160,C:\Users\28693\Desktop\udp\frames_png\frame_000160.png,2025-10-24 11:48:11.072283,120,188,,,,,
161,C:\Users\28693\Desktop\udp\frames_png\frame_000161.png,2025-10-24 11:48:11.072283,120,188,,,,,
162,C:\Users\28693\Desktop\udp\frames_png\frame_000162.png,2025-10-24 11:48:11.099364,120,188,,,,,
163,C:\Users\28693\Desktop\udp\frames_png\frame_000163.png,2025-10-24 11:48:11.188401,120,188,,,,,
164,C:\Users\28693\Desktop\udp\frames_png\frame_000164.png,2025-10-24 11:48:11.192408,120,188,,,,,
165,C:\Users\28693\Desktop\udp\frames_png\frame_000165.png,2025-10-24 11:48:11.208131,120,188,,,,,
166,C:\Users\28693\Desktop\udp\frames_png\frame_000166.png,2025-10-24 11:48:11.270496,120,188,,,,,
167,C:\Users\28693\Desktop\udp\frames_png\frame_000167.png,2025-10-24 11:48:11.286673,120,188,,,,,
168,C:\Users\28693\Desktop\udp\frames_png\frame_000168.png,2025-10-24 11:48:11.319480,120,188,,,,,
169,C:\Users\28693\Desktop\udp\frames_png\frame_000169.png,2025-10-24 11:48:11.368592,120,188,,,,,
170,C:\Users\28693\Desktop\udp\frames_png\frame_000170.png,2025-10-24 11:48:11.387323,120,188,,,,,
171,C:\Users\28693\Desktop\udp\frames_png\frame_000171.png,2025-10-24 11:48:11.484126,120,188,,,,,
172,C:\Users\28693\Desktop\udp\frames_png\frame_000172.png,2025-10-24 11:48:11.484126,120,188,,,,,
173,C:\Users\28693\Desktop\udp\frames_png\frame_000173.png,2025-10-24 11:48:11.492260,120,188,,,,,
174,C:\Users\28693\Desktop\udp\frames_png\frame_000174.png,2025-10-24 11:48:11.581035,120,188,,,,,
175,C:\Users\28693\Desktop\udp\frames_png\frame_000175.png,2025-10-24 11:48:11.585041,120,188,,,,,
176,C:\Users\28693\Desktop\udp\frames_png\frame_000176.png,2025-10-24 11:48:11.607536,120,188,,,,,
177,C:\Users\28693\Desktop\udp\frames_png\frame_000177.png,2025-10-24 11:48:11.690130,120,188,,,,,
178,C:\Users\28693\Desktop\udp\frames_png\frame_000178.png,2025-10-24 11:48:11.690130,120,188,,,,,
179,C:\Users\28693\Desktop\udp\frames_png\frame_000179.png,2025-10-24 11:48:11.714893,120,188,,,,,
180,C:\Users\28693\Desktop\udp\frames_png\frame_000180.png,2025-10-24 11:48:11.781205,120,188,,,,,
181,C:\Users\28693\Desktop\udp\frames_png\frame_000181.png,2025-10-24 11:48:11.781205,120,188,,,,,
182,C:\Users\28693\Desktop\udp\frames_png\frame_000182.png,2025-10-24 11:48:11.819662,120,188,,,,,
183,C:\Users\28693\Desktop\udp\frames_png\frame_000183.png,2025-10-24 11:48:11.884523,120,188,,,,,
184,C:\Users\28693\Desktop\udp\frames_png\frame_000184.png,2025-10-24 11:48:11.892746,120,188,,,,,
185,C:\Users\28693\Desktop\udp\frames_png\frame_000185.png,2025-10-24 11:48:11.933500,120,188,,,,,
186,C:\Users\28693\Desktop\udp\frames_png\frame_000186.png,2025-10-24 11:48:11.983134,120,188,,,,,
187,C:\Users\28693\Desktop\udp\frames_png\frame_000187.png,2025-10-24 11:48:12.000386,120,188,,,,,
188,C:\Users\28693\Desktop\udp\frames_png\frame_000188.png,2025-10-24 11:48:12.096473,120,188,,,,,
189,C:\Users\28693\Desktop\udp\frames_png\frame_000189.png,2025-10-24 11:48:12.098477,120,188,,,,,
190,C:\Users\28693\Desktop\udp\frames_png\frame_000190.png,2025-10-24 11:48:12.104793,120,188,,,,,
191,C:\Users\28693\Desktop\udp\frames_png\frame_000191.png,2025-10-24 11:48:12.195090,120,188,,,,,
192,C:\Users\28693\Desktop\udp\frames_png\frame_000192.png,2025-10-24 11:48:12.203342,120,188,,,,,
193,C:\Users\28693\Desktop\udp\frames_png\frame_000193.png,2025-10-24 11:48:12.219947,120,188,,,,,
194,C:\Users\28693\Desktop\udp\frames_png\frame_000194.png,2025-10-24 11:48:12.291974,120,188,,,,,
195,C:\Users\28693\Desktop\udp\frames_png\frame_000195.png,2025-10-24 11:48:12.291974,120,188,,,,,
196,C:\Users\28693\Desktop\udp\frames_png\frame_000196.png,2025-10-24 11:48:12.328746,120,188,,,,,
197,C:\Users\28693\Desktop\udp\frames_png\frame_000197.png,2025-10-24 11:48:12.398474,120,188,,,,,
198,C:\Users\28693\Desktop\udp\frames_png\frame_000198.png,2025-10-24 11:48:12.398474,120,188,,,,,
199,C:\Users\28693\Desktop\udp\frames_png\frame_000199.png,2025-10-24 11:48:12.431406,120,188,,,,,
200,C:\Users\28693\Desktop\udp\frames_png\frame_000200.png,2025-10-24 11:48:12.497330,120,188,,,,,
201,C:\Users\28693\Desktop\udp\frames_png\frame_000201.png,2025-10-24 11:48:12.513851,120,188,,,,,
202,C:\Users\28693\Desktop\udp\frames_png\frame_000202.png,2025-10-24 11:48:12.538732,120,188,,,,,
203,C:\Users\28693\Desktop\udp\frames_png\frame_000203.png,2025-10-24 11:48:12.604571,120,188,,,,,
204,C:\Users\28693\Desktop\udp\frames_png\frame_000204.png,2025-10-24 11:48:12.613827,120,188,,,,,
205,C:\Users\28693\Desktop\udp\frames_png\frame_000205.png,2025-10-24 11:48:12.649196,120,188,,,,,
206,C:\Users\28693\Desktop\udp\frames_png\frame_000206.png,2025-10-24 11:48:12.703139,120,188,,,,,
207,C:\Users\28693\Desktop\udp\frames_png\frame_000207.png,2025-10-24 11:48:12.720573,120,188,,,,,
208,C:\Users\28693\Desktop\udp\frames_png\frame_000208.png,2025-10-24 11:48:12.823182,120,188,,,,,
209,C:\Users\28693\Desktop\udp\frames_png\frame_000209.png,2025-10-24 11:48:12.823182,120,188,,,,,
210,C:\Users\28693\Desktop\udp\frames_png\frame_000210.png,2025-10-24 11:48:12.823182,120,188,,,,,
211,C:\Users\28693\Desktop\udp\frames_png\frame_000211.png,2025-10-24 11:48:12.902576,120,188,,,,,
212,C:\Users\28693\Desktop\udp\frames_png\frame_000212.png,2025-10-24 11:48:12.902576,120,188,,,,,
213,C:\Users\28693\Desktop\udp\frames_png\frame_000213.png,2025-10-24 11:48:12.950029,120,188,,,,,
214,C:\Users\28693\Desktop\udp\frames_png\frame_000214.png,2025-10-24 11:48:12.997418,120,188,,,,,
215,C:\Users\28693\Desktop\udp\frames_png\frame_000215.png,2025-10-24 11:48:12.997418,120,188,,,,,
216,C:\Users\28693\Desktop\udp\frames_png\frame_000216.png,2025-10-24 11:48:13.061381,120,188,,,,,
217,C:\Users\28693\Desktop\udp\frames_png\frame_000217.png,2025-10-24 11:48:13.117335,120,188,,,,,
218,C:\Users\28693\Desktop\udp\frames_png\frame_000218.png,2025-10-24 11:48:13.133984,120,188,,,,,
219,C:\Users\28693\Desktop\udp\frames_png\frame_000219.png,2025-10-24 11:48:13.158101,120,188,,,,,
220,C:\Users\28693\Desktop\udp\frames_png\frame_000220.png,2025-10-24 11:48:13.215746,120,188,,,,,
221,C:\Users\28693\Desktop\udp\frames_png\frame_000221.png,2025-10-24 11:48:13.225335,120,188,,,,,
222,C:\Users\28693\Desktop\udp\frames_png\frame_000222.png,2025-10-24 11:48:13.264857,120,188,,,,,
223,C:\Users\28693\Desktop\udp\frames_png\frame_000223.png,2025-10-24 11:48:13.322991,120,188,,,,,
224,C:\Users\28693\Desktop\udp\frames_png\frame_000224.png,2025-10-24 11:48:13.331432,120,188,,,,,
225,C:\Users\28693\Desktop\udp\frames_png\frame_000225.png,2025-10-24 11:48:13.413572,120,188,,,,,
226,C:\Users\28693\Desktop\udp\frames_png\frame_000226.png,2025-10-24 11:48:13.430094,120,188,,,,,
227,C:\Users\28693\Desktop\udp\frames_png\frame_000227.png,2025-10-24 11:48:13.446921,120,188,,,,,
228,C:\Users\28693\Desktop\udp\frames_png\frame_000228.png,2025-10-24 11:48:13.522710,120,188,,,,,
229,C:\Users\28693\Desktop\udp\frames_png\frame_000229.png,2025-10-24 11:48:13.529426,120,188,,,,,
230,C:\Users\28693\Desktop\udp\frames_png\frame_000230.png,2025-10-24 11:48:13.546049,120,188,,,,,
231,C:\Users\28693\Desktop\udp\frames_png\frame_000231.png,2025-10-24 11:48:13.627572,120,188,,,,,
232,C:\Users\28693\Desktop\udp\frames_png\frame_000232.png,2025-10-24 11:48:13.627572,120,188,,,,,
233,C:\Users\28693\Desktop\udp\frames_png\frame_000233.png,2025-10-24 11:48:13.660164,120,188,,,,,
234,C:\Users\28693\Desktop\udp\frames_png\frame_000234.png,2025-10-24 11:48:13.727528,120,188,,,,,
235,C:\Users\28693\Desktop\udp\frames_png\frame_000235.png,2025-10-24 11:48:13.731790,120,188,,,,,
236,C:\Users\28693\Desktop\udp\frames_png\frame_000236.png,2025-10-24 11:48:13.755705,120,188,,,,,
237,C:\Users\28693\Desktop\udp\frames_png\frame_000237.png,2025-10-24 11:48:13.835610,120,188,,,,,
238,C:\Users\28693\Desktop\udp\frames_png\frame_000238.png,2025-10-24 11:48:13.851271,120,188,,,,,
239,C:\Users\28693\Desktop\udp\frames_png\frame_000239.png,2025-10-24 11:48:13.875309,120,188,,,,,
240,C:\Users\28693\Desktop\udp\frames_png\frame_000240.png,2025-10-24 11:48:13.945304,120,188,,,,,
241,C:\Users\28693\Desktop\udp\frames_png\frame_000241.png,2025-10-24 11:48:13.961320,120,188,,,,,
242,C:\Users\28693\Desktop\udp\frames_png\frame_000242.png,2025-10-24 11:48:14.040966,120,188,,,,,
243,C:\Users\28693\Desktop\udp\frames_png\frame_000243.png,2025-10-24 11:48:14.056639,120,188,,,,,
244,C:\Users\28693\Desktop\udp\frames_png\frame_000244.png,2025-10-24 11:48:14.056639,120,188,,,,,
245,C:\Users\28693\Desktop\udp\frames_png\frame_000245.png,2025-10-24 11:48:14.135587,120,188,,,,,
246,C:\Users\28693\Desktop\udp\frames_png\frame_000246.png,2025-10-24 11:48:14.135587,120,188,,,,,
247,C:\Users\28693\Desktop\udp\frames_png\frame_000247.png,2025-10-24 11:48:14.168291,120,188,,,,,
248,C:\Users\28693\Desktop\udp\frames_png\frame_000248.png,2025-10-24 11:48:14.261822,120,188,,,,,
249,C:\Users\28693\Desktop\udp\frames_png\frame_000249.png,2025-10-24 11:48:14.265730,120,188,,,,,
250,C:\Users\28693\Desktop\udp\frames_png\frame_000250.png,2025-10-24 11:48:14.269737,120,188,,,,,
251,C:\Users\28693\Desktop\udp\frames_png\frame_000251.png,2025-10-24 11:48:14.340749,120,188,,,,,
252,C:\Users\28693\Desktop\udp\frames_png\frame_000252.png,2025-10-24 11:48:14.340749,120,188,,,,,
253,C:\Users\28693\Desktop\udp\frames_png\frame_000253.png,2025-10-24 11:48:14.404325,120,188,,,,,
254,C:\Users\28693\Desktop\udp\frames_png\frame_000254.png,2025-10-24 11:48:14.451290,120,188,,,,,
255,C:\Users\28693\Desktop\udp\frames_png\frame_000255.png,2025-10-24 11:48:14.451290,120,188,,,,,
256,C:\Users\28693\Desktop\udp\frames_png\frame_000256.png,2025-10-24 11:48:14.498848,120,188,,,,,
257,C:\Users\28693\Desktop\udp\frames_png\frame_000257.png,2025-10-24 11:48:14.548177,120,188,,,,,
258,C:\Users\28693\Desktop\udp\frames_png\frame_000258.png,2025-10-24 11:48:14.562295,120,188,,,,,
259,C:\Users\28693\Desktop\udp\frames_png\frame_000259.png,2025-10-24 11:48:14.609662,120,188,,,,,
260,C:\Users\28693\Desktop\udp\frames_png\frame_000260.png,2025-10-24 11:48:14.656743,120,188,,,,,
261,C:\Users\28693\Desktop\udp\frames_png\frame_000261.png,2025-10-24 11:48:14.656743,120,188,,,,,
262,C:\Users\28693\Desktop\udp\frames_png\frame_000262.png,2025-10-24 11:48:14.767700,120,188,,,,,
263,C:\Users\28693\Desktop\udp\frames_png\frame_000263.png,2025-10-24 11:48:14.771601,120,188,,,,,
264,C:\Users\28693\Desktop\udp\frames_png\frame_000264.png,2025-10-24 11:48:14.775607,120,188,,,,,
265,C:\Users\28693\Desktop\udp\frames_png\frame_000265.png,2025-10-24 11:48:14.878530,120,188,,,,,
266,C:\Users\28693\Desktop\udp\frames_png\frame_000266.png,2025-10-24 11:48:14.878530,120,188,,,,,
267,C:\Users\28693\Desktop\udp\frames_png\frame_000267.png,2025-10-24 11:48:14.884151,120,188,,,,,
268,C:\Users\28693\Desktop\udp\frames_png\frame_000268.png,2025-10-24 11:48:14.965918,120,188,,,,,
269,C:\Users\28693\Desktop\udp\frames_png\frame_000269.png,2025-10-24 11:48:14.965918,120,188,,,,,
270,C:\Users\28693\Desktop\udp\frames_png\frame_000270.png,2025-10-24 11:48:14.991411,120,188,,,,,
271,C:\Users\28693\Desktop\udp\frames_png\frame_000271.png,2025-10-24 11:48:15.055987,120,188,,,,,
272,C:\Users\28693\Desktop\udp\frames_png\frame_000272.png,2025-10-24 11:48:15.064130,120,188,,,,,
273,C:\Users\28693\Desktop\udp\frames_png\frame_000273.png,2025-10-24 11:48:15.105159,120,188,,,,,
274,C:\Users\28693\Desktop\udp\frames_png\frame_000274.png,2025-10-24 11:48:15.179426,120,188,,,,,
275,C:\Users\28693\Desktop\udp\frames_png\frame_000275.png,2025-10-24 11:48:15.183433,120,188,,,,,
276,C:\Users\28693\Desktop\udp\frames_png\frame_000276.png,2025-10-24 11:48:15.207663,120,188,,,,,
277,C:\Users\28693\Desktop\udp\frames_png\frame_000277.png,2025-10-24 11:48:15.269900,120,188,,,,,
278,C:\Users\28693\Desktop\udp\frames_png\frame_000278.png,2025-10-24 11:48:15.278144,120,188,,,,,
279,C:\Users\28693\Desktop\udp\frames_png\frame_000279.png,2025-10-24 11:48:15.367580,120,188,,,,,
280,C:\Users\28693\Desktop\udp\frames_png\frame_000280.png,2025-10-24 11:48:15.376302,120,188,,,,,
281,C:\Users\28693\Desktop\udp\frames_png\frame_000281.png,2025-10-24 11:48:15.384549,120,188,,,,,
282,C:\Users\28693\Desktop\udp\frames_png\frame_000282.png,2025-10-24 11:48:15.463752,120,188,,,,,
283,C:\Users\28693\Desktop\udp\frames_png\frame_000283.png,2025-10-24 11:48:15.471977,120,188,,,,,
284,C:\Users\28693\Desktop\udp\frames_png\frame_000284.png,2025-10-24 11:48:15.488349,120,188,,,,,
285,C:\Users\28693\Desktop\udp\frames_png\frame_000285.png,2025-10-24 11:48:15.570250,120,188,,,,,
286,C:\Users\28693\Desktop\udp\frames_png\frame_000286.png,2025-10-24 11:48:15.578276,120,188,,,,,
287,C:\Users\28693\Desktop\udp\frames_png\frame_000287.png,2025-10-24 11:48:15.602881,120,188,,,,,
288,C:\Users\28693\Desktop\udp\frames_png\frame_000288.png,2025-10-24 11:48:15.669235,120,188,,,,,
289,C:\Users\28693\Desktop\udp\frames_png\frame_000289.png,2025-10-24 11:48:15.677604,120,188,,,,,
290,C:\Users\28693\Desktop\udp\frames_png\frame_000290.png,2025-10-24 11:48:15.710039,120,188,,,,,
291,C:\Users\28693\Desktop\udp\frames_png\frame_000291.png,2025-10-24 11:48:15.776120,120,188,,,,,
292,C:\Users\28693\Desktop\udp\frames_png\frame_000292.png,2025-10-24 11:48:15.782431,120,188,,,,,
293,C:\Users\28693\Desktop\udp\frames_png\frame_000293.png,2025-10-24 11:48:15.817216,120,188,,,,,
294,C:\Users\28693\Desktop\udp\frames_png\frame_000294.png,2025-10-24 11:48:15.873515,120,188,,,,,
295,C:\Users\28693\Desktop\udp\frames_png\frame_000295.png,2025-10-24 11:48:15.905300,120,188,,,,,
296,C:\Users\28693\Desktop\udp\frames_png\frame_000296.png,2025-10-24 11:48:15.923380,120,188,,,,,
297,C:\Users\28693\Desktop\udp\frames_png\frame_000297.png,2025-10-24 11:48:15.983993,120,188,,,,,
298,C:\Users\28693\Desktop\udp\frames_png\frame_000298.png,2025-10-24 11:48:15.999721,120,188,,,,,
299,C:\Users\28693\Desktop\udp\frames_png\frame_000299.png,2025-10-24 11:48:16.081254,120,188,,,,,
300,C:\Users\28693\Desktop\udp\frames_png\frame_000300.png,2025-10-24 11:48:16.085070,120,188,,,,,
301,C:\Users\28693\Desktop\udp\frames_png\frame_000301.png,2025-10-24 11:48:16.108022,120,188,,,,,
302,C:\Users\28693\Desktop\udp\frames_png\frame_000302.png,2025-10-24 11:48:16.185394,120,188,,,,,
303,C:\Users\28693\Desktop\udp\frames_png\frame_000303.png,2025-10-24 11:48:16.186811,120,188,,,,,
304,C:\Users\28693\Desktop\udp\frames_png\frame_000304.png,2025-10-24 11:48:16.214702,120,188,,,,,
305,C:\Users\28693\Desktop\udp\frames_png\frame_000305.png,2025-10-24 11:48:16.285557,120,188,,,,,
306,C:\Users\28693\Desktop\udp\frames_png\frame_000306.png,2025-10-24 11:48:16.287435,120,188,,,,,
307,C:\Users\28693\Desktop\udp\frames_png\frame_000307.png,2025-10-24 11:48:16.317458,120,188,,,,,
308,C:\Users\28693\Desktop\udp\frames_png\frame_000308.png,2025-10-24 11:48:16.391921,120,188,,,,,
309,C:\Users\28693\Desktop\udp\frames_png\frame_000309.png,2025-10-24 11:48:16.401244,120,188,,,,,
310,C:\Users\28693\Desktop\udp\frames_png\frame_000310.png,2025-10-24 11:48:16.429069,120,188,,,,,
311,C:\Users\28693\Desktop\udp\frames_png\frame_000311.png,2025-10-24 11:48:16.485748,120,188,,,,,
312,C:\Users\28693\Desktop\udp\frames_png\frame_000312.png,2025-10-24 11:48:16.508322,120,188,,,,,
313,C:\Users\28693\Desktop\udp\frames_png\frame_000313.png,2025-10-24 11:48:16.524324,120,188,,,,,
314,C:\Users\28693\Desktop\udp\frames_png\frame_000314.png,2025-10-24 11:48:16.596872,120,188,,,,,
315,C:\Users\28693\Desktop\udp\frames_png\frame_000315.png,2025-10-24 11:48:16.602535,120,188,,,,,
316,C:\Users\28693\Desktop\udp\frames_png\frame_000316.png,2025-10-24 11:48:16.698527,120,188,,,,,
317,C:\Users\28693\Desktop\udp\frames_png\frame_000317.png,2025-10-24 11:48:16.703194,120,188,,,,,
318,C:\Users\28693\Desktop\udp\frames_png\frame_000318.png,2025-10-24 11:48:16.717712,120,188,,,,,
319,C:\Users\28693\Desktop\udp\frames_png\frame_000319.png,2025-10-24 11:48:16.805493,120,188,,,,,
320,C:\Users\28693\Desktop\udp\frames_png\frame_000320.png,2025-10-24 11:48:16.805493,120,188,,,,,
321,C:\Users\28693\Desktop\udp\frames_png\frame_000321.png,2025-10-24 11:48:16.823266,120,188,,,,,
322,C:\Users\28693\Desktop\udp\frames_png\frame_000322.png,2025-10-24 11:48:16.905543,120,188,,,,,
323,C:\Users\28693\Desktop\udp\frames_png\frame_000323.png,2025-10-24 11:48:16.911856,120,188,,,,,
324,C:\Users\28693\Desktop\udp\frames_png\frame_000324.png,2025-10-24 11:48:16.935344,120,188,,,,,
325,C:\Users\28693\Desktop\udp\frames_png\frame_000325.png,2025-10-24 11:48:17.034961,120,188,,,,,
326,C:\Users\28693\Desktop\udp\frames_png\frame_000326.png,2025-10-24 11:48:17.038465,120,188,,,,,
327,C:\Users\28693\Desktop\udp\frames_png\frame_000327.png,2025-10-24 11:48:17.043072,120,188,,,,,
328,C:\Users\28693\Desktop\udp\frames_png\frame_000328.png,2025-10-24 11:48:17.111277,120,188,,,,,
329,C:\Users\28693\Desktop\udp\frames_png\frame_000329.png,2025-10-24 11:48:17.111277,120,188,,,,,
330,C:\Users\28693\Desktop\udp\frames_png\frame_000330.png,2025-10-24 11:48:17.144186,120,188,,,,,
331,C:\Users\28693\Desktop\udp\frames_png\frame_000331.png,2025-10-24 11:48:17.210959,120,188,,,,,
332,C:\Users\28693\Desktop\udp\frames_png\frame_000332.png,2025-10-24 11:48:17.221851,120,188,,,,,
333,C:\Users\28693\Desktop\udp\frames_png\frame_000333.png,2025-10-24 11:48:17.269039,120,188,,,,,
334,C:\Users\28693\Desktop\udp\frames_png\frame_000334.png,2025-10-24 11:48:17.310430,120,188,,,,,
335,C:\Users\28693\Desktop\udp\frames_png\frame_000335.png,2025-10-24 11:48:17.335717,120,188,,,,,
336,C:\Users\28693\Desktop\udp\frames_png\frame_000336.png,2025-10-24 11:48:17.433329,120,188,,,,,
337,C:\Users\28693\Desktop\udp\frames_png\frame_000337.png,2025-10-24 11:48:17.433329,120,188,,,,,
338,C:\Users\28693\Desktop\udp\frames_png\frame_000338.png,2025-10-24 11:48:17.441765,120,188,,,,,
339,C:\Users\28693\Desktop\udp\frames_png\frame_000339.png,2025-10-24 11:48:17.515218,120,188,,,,,
340,C:\Users\28693\Desktop\udp\frames_png\frame_000340.png,2025-10-24 11:48:17.531841,120,188,,,,,
341,C:\Users\28693\Desktop\udp\frames_png\frame_000341.png,2025-10-24 11:48:17.556552,120,188,,,,,
342,C:\Users\28693\Desktop\udp\frames_png\frame_000342.png,2025-10-24 11:48:17.616830,120,188,,,,,
343,C:\Users\28693\Desktop\udp\frames_png\frame_000343.png,2025-10-24 11:48:17.623010,120,188,,,,,
344,C:\Users\28693\Desktop\udp\frames_png\frame_000344.png,2025-10-24 11:48:17.654763,120,188,,,,,
345,C:\Users\28693\Desktop\udp\frames_png\frame_000345.png,2025-10-24 11:48:17.721407,120,188,,,,,
346,C:\Users\28693\Desktop\udp\frames_png\frame_000346.png,2025-10-24 11:48:17.726778,120,188,,,,,
347,C:\Users\28693\Desktop\udp\frames_png\frame_000347.png,2025-10-24 11:48:17.762063,120,188,,,,,
348,C:\Users\28693\Desktop\udp\frames_png\frame_000348.png,2025-10-24 11:48:17.845709,120,188,,,,,
349,C:\Users\28693\Desktop\udp\frames_png\frame_000349.png,2025-10-24 11:48:17.845709,120,188,,,,,
350,C:\Users\28693\Desktop\udp\frames_png\frame_000350.png,2025-10-24 11:48:17.868415,120,188,,,,,
351,C:\Users\28693\Desktop\udp\frames_png\frame_000351.png,2025-10-24 11:48:17.926027,120,188,,,,,
352,C:\Users\28693\Desktop\udp\frames_png\frame_000352.png,2025-10-24 11:48:17.943266,120,188,,,,,
353,C:\Users\28693\Desktop\udp\frames_png\frame_000353.png,2025-10-24 11:48:18.031826,120,188,,,,,
354,C:\Users\28693\Desktop\udp\frames_png\frame_000354.png,2025-10-24 11:48:18.035712,120,188,,,,,
355,C:\Users\28693\Desktop\udp\frames_png\frame_000355.png,2025-10-24 11:48:18.049804,120,188,,,,,
356,C:\Users\28693\Desktop\udp\frames_png\frame_000356.png,2025-10-24 11:48:18.148990,120,188,,,,,
357,C:\Users\28693\Desktop\udp\frames_png\frame_000357.png,2025-10-24 11:48:18.155998,120,188,,,,,
358,C:\Users\28693\Desktop\udp\frames_png\frame_000358.png,2025-10-24 11:48:18.158165,120,188,,,,,
359,C:\Users\28693\Desktop\udp\frames_png\frame_000359.png,2025-10-24 11:48:18.230960,120,188,,,,,
360,C:\Users\28693\Desktop\udp\frames_png\frame_000360.png,2025-10-24 11:48:18.234530,120,188,,,,,
361,C:\Users\28693\Desktop\udp\frames_png\frame_000361.png,2025-10-24 11:48:18.263075,120,188,,,,,
362,C:\Users\28693\Desktop\udp\frames_png\frame_000362.png,2025-10-24 11:48:18.335807,120,188,,,,,
363,C:\Users\28693\Desktop\udp\frames_png\frame_000363.png,2025-10-24 11:48:18.337689,120,188,,,,,
364,C:\Users\28693\Desktop\udp\frames_png\frame_000364.png,2025-10-24 11:48:18.382979,120,188,,,,,
365,C:\Users\28693\Desktop\udp\frames_png\frame_000365.png,2025-10-24 11:48:18.439856,120,188,,,,,
366,C:\Users\28693\Desktop\udp\frames_png\frame_000366.png,2025-10-24 11:48:18.456013,120,188,,,,,
367,C:\Users\28693\Desktop\udp\frames_png\frame_000367.png,2025-10-24 11:48:18.485294,120,188,,,,,
368,C:\Users\28693\Desktop\udp\frames_png\frame_000368.png,2025-10-24 11:48:18.553948,120,188,,,,,
369,C:\Users\28693\Desktop\udp\frames_png\frame_000369.png,2025-10-24 11:48:18.562856,120,188,,,,,
370,C:\Users\28693\Desktop\udp\frames_png\frame_000370.png,2025-10-24 11:48:18.644805,120,188,,,,,
371,C:\Users\28693\Desktop\udp\frames_png\frame_000371.png,2025-10-24 11:48:18.652861,120,188,,,,,
372,C:\Users\28693\Desktop\udp\frames_png\frame_000372.png,2025-10-24 11:48:18.663497,120,188,,,,,
373,C:\Users\28693\Desktop\udp\frames_png\frame_000373.png,2025-10-24 11:48:18.742471,120,188,,,,,
374,C:\Users\28693\Desktop\udp\frames_png\frame_000374.png,2025-10-24 11:48:18.758891,120,188,,,,,
375,C:\Users\28693\Desktop\udp\frames_png\frame_000375.png,2025-10-24 11:48:18.767230,120,188,,,,,
376,C:\Users\28693\Desktop\udp\frames_png\frame_000376.png,2025-10-24 11:48:18.873301,120,188,,,,,
377,C:\Users\28693\Desktop\udp\frames_png\frame_000377.png,2025-10-24 11:48:18.875802,120,188,,,,,
378,C:\Users\28693\Desktop\udp\frames_png\frame_000378.png,2025-10-24 11:48:18.881601,120,188,,,,,
379,C:\Users\28693\Desktop\udp\frames_png\frame_000379.png,2025-10-24 11:48:18.948502,120,188,,,,,
380,C:\Users\28693\Desktop\udp\frames_png\frame_000380.png,2025-10-24 11:48:18.955718,120,188,,,,,
381,C:\Users\28693\Desktop\udp\frames_png\frame_000381.png,2025-10-24 11:48:18.980479,120,188,,,,,
382,C:\Users\28693\Desktop\udp\frames_png\frame_000382.png,2025-10-24 11:48:19.054052,120,188,,,,,
383,C:\Users\28693\Desktop\udp\frames_png\frame_000383.png,2025-10-24 11:48:19.062079,120,188,,,,,
384,C:\Users\28693\Desktop\udp\frames_png\frame_000384.png,2025-10-24 11:48:19.095964,120,188,,,,,
385,C:\Users\28693\Desktop\udp\frames_png\frame_000385.png,2025-10-24 11:48:19.153425,120,188,,,,,
386,C:\Users\28693\Desktop\udp\frames_png\frame_000386.png,2025-10-24 11:48:19.165173,120,188,,,,,
387,C:\Users\28693\Desktop\udp\frames_png\frame_000387.png,2025-10-24 11:48:19.201175,120,188,,,,,
388,C:\Users\28693\Desktop\udp\frames_png\frame_000388.png,2025-10-24 11:48:19.266781,120,188,,,,,
389,C:\Users\28693\Desktop\udp\frames_png\frame_000389.png,2025-10-24 11:48:19.274791,120,188,,,,,
390,C:\Users\28693\Desktop\udp\frames_png\frame_000390.png,2025-10-24 11:48:19.385762,120,188,,,,,
391,C:\Users\28693\Desktop\udp\frames_png\frame_000391.png,2025-10-24 11:48:19.391052,120,188,,,,,
392,C:\Users\28693\Desktop\udp\frames_png\frame_000392.png,2025-10-24 11:48:19.391052,120,188,,,,,
393,C:\Users\28693\Desktop\udp\frames_png\frame_000393.png,2025-10-24 11:48:19.457236,120,188,,,,,
394,C:\Users\28693\Desktop\udp\frames_png\frame_000394.png,2025-10-24 11:48:19.458340,120,188,,,,,
395,C:\Users\28693\Desktop\udp\frames_png\frame_000395.png,2025-10-24 11:48:19.491021,120,188,,,,,
396,C:\Users\28693\Desktop\udp\frames_png\frame_000396.png,2025-10-24 11:48:19.562235,120,188,,,,,
397,C:\Users\28693\Desktop\udp\frames_png\frame_000397.png,2025-10-24 11:48:19.578110,120,188,,,,,
398,C:\Users\28693\Desktop\udp\frames_png\frame_000398.png,2025-10-24 11:48:19.596572,120,188,,,,,
399,C:\Users\28693\Desktop\udp\frames_png\frame_000399.png,2025-10-24 11:48:19.667525,120,188,,,,,
400,C:\Users\28693\Desktop\udp\frames_png\frame_000400.png,2025-10-24 11:48:19.675784,120,188,,,,,
401,C:\Users\28693\Desktop\udp\frames_png\frame_000401.png,2025-10-24 11:48:19.708932,120,188,,,,,
402,C:\Users\28693\Desktop\udp\frames_png\frame_000402.png,2025-10-24 11:48:19.774517,120,188,,,,,
403,C:\Users\28693\Desktop\udp\frames_png\frame_000403.png,2025-10-24 11:48:19.784042,120,188,,,,,
404,C:\Users\28693\Desktop\udp\frames_png\frame_000404.png,2025-10-24 11:48:19.815962,120,188,,,,,
405,C:\Users\28693\Desktop\udp\frames_png\frame_000405.png,2025-10-24 11:48:19.873478,120,188,,,,,
406,C:\Users\28693\Desktop\udp\frames_png\frame_000406.png,2025-10-24 11:48:19.887871,120,188,,,,,
407,C:\Users\28693\Desktop\udp\frames_png\frame_000407.png,2025-10-24 11:48:19.973280,120,188,,,,,
408,C:\Users\28693\Desktop\udp\frames_png\frame_000408.png,2025-10-24 11:48:19.973280,120,188,,,,,
409,C:\Users\28693\Desktop\udp\frames_png\frame_000409.png,2025-10-24 11:48:19.992001,120,188,,,,,
410,C:\Users\28693\Desktop\udp\frames_png\frame_000410.png,2025-10-24 11:48:20.076396,120,188,,,,,
411,C:\Users\28693\Desktop\udp\frames_png\frame_000411.png,2025-10-24 11:48:20.081588,120,188,,,,,
412,C:\Users\28693\Desktop\udp\frames_png\frame_000412.png,2025-10-24 11:48:20.097878,120,188,,,,,
413,C:\Users\28693\Desktop\udp\frames_png\frame_000413.png,2025-10-24 11:48:20.175894,120,188,,,,,
414,C:\Users\28693\Desktop\udp\frames_png\frame_000414.png,2025-10-24 11:48:20.181199,120,188,,,,,
415,C:\Users\28693\Desktop\udp\frames_png\frame_000415.png,2025-10-24 11:48:20.208592,120,188,,,,,
416,C:\Users\28693\Desktop\udp\frames_png\frame_000416.png,2025-10-24 11:48:20.270787,120,188,,,,,
417,C:\Users\28693\Desktop\udp\frames_png\frame_000417.png,2025-10-24 11:48:20.286568,120,188,,,,,
418,C:\Users\28693\Desktop\udp\frames_png\frame_000418.png,2025-10-24 11:48:20.318431,120,188,,,,,
419,C:\Users\28693\Desktop\udp\frames_png\frame_000419.png,2025-10-24 11:48:20.381688,120,188,,,,,
420,C:\Users\28693\Desktop\udp\frames_png\frame_000420.png,2025-10-24 11:48:20.392116,120,188,,,,,
421,C:\Users\28693\Desktop\udp\frames_png\frame_000421.png,2025-10-24 11:48:20.426829,120,188,,,,,
422,C:\Users\28693\Desktop\udp\frames_png\frame_000422.png,2025-10-24 11:48:20.491394,120,188,,,,,
423,C:\Users\28693\Desktop\udp\frames_png\frame_000423.png,2025-10-24 11:48:20.507111,120,188,,,,,
424,C:\Users\28693\Desktop\udp\frames_png\frame_000424.png,2025-10-24 11:48:20.522748,120,188,,,,,
425,C:\Users\28693\Desktop\udp\frames_png\frame_000425.png,2025-10-24 11:48:20.586055,120,188,,,,,
426,C:\Users\28693\Desktop\udp\frames_png\frame_000426.png,2025-10-24 11:48:20.602173,120,188,,,,,
427,C:\Users\28693\Desktop\udp\frames_png\frame_000427.png,2025-10-24 11:48:20.697728,120,188,,,,,
428,C:\Users\28693\Desktop\udp\frames_png\frame_000428.png,2025-10-24 11:48:20.705067,120,188,,,,,
429,C:\Users\28693\Desktop\udp\frames_png\frame_000429.png,2025-10-24 11:48:20.718536,120,188,,,,,
430,C:\Users\28693\Desktop\udp\frames_png\frame_000430.png,2025-10-24 11:48:20.775764,120,188,,,,,
431,C:\Users\28693\Desktop\udp\frames_png\frame_000431.png,2025-10-24 11:48:20.793530,120,188,,,,,
432,C:\Users\28693\Desktop\udp\frames_png\frame_000432.png,2025-10-24 11:48:20.822884,120,188,,,,,
433,C:\Users\28693\Desktop\udp\frames_png\frame_000433.png,2025-10-24 11:48:20.902718,120,188,,,,,
434,C:\Users\28693\Desktop\udp\frames_png\frame_000434.png,2025-10-24 11:48:20.902718,120,188,,,,,
435,C:\Users\28693\Desktop\udp\frames_png\frame_000435.png,2025-10-24 11:48:20.918800,120,188,,,,,
436,C:\Users\28693\Desktop\udp\frames_png\frame_000436.png,2025-10-24 11:48:21.014077,120,188,,,,,
437,C:\Users\28693\Desktop\udp\frames_png\frame_000437.png,2025-10-24 11:48:21.014077,120,188,,,,,
438,C:\Users\28693\Desktop\udp\frames_png\frame_000438.png,2025-10-24 11:48:21.039857,120,188,,,,,
439,C:\Users\28693\Desktop\udp\frames_png\frame_000439.png,2025-10-24 11:48:21.108728,120,188,,,,,
440,C:\Users\28693\Desktop\udp\frames_png\frame_000440.png,2025-10-24 11:48:21.108728,120,188,,,,,
441,C:\Users\28693\Desktop\udp\frames_png\frame_000441.png,2025-10-24 11:48:21.140066,120,188,,,,,
442,C:\Users\28693\Desktop\udp\frames_png\frame_000442.png,2025-10-24 11:48:21.202803,120,188,,,,,
443,C:\Users\28693\Desktop\udp\frames_png\frame_000443.png,2025-10-24 11:48:21.218547,120,188,,,,,
444,C:\Users\28693\Desktop\udp\frames_png\frame_000444.png,2025-10-24 11:48:21.300226,120,188,,,,,
445,C:\Users\28693\Desktop\udp\frames_png\frame_000445.png,2025-10-24 11:48:21.300226,120,188,,,,,
446,C:\Users\28693\Desktop\udp\frames_png\frame_000446.png,2025-10-24 11:48:21.315202,120,188,,,,,
447,C:\Users\28693\Desktop\udp\frames_png\frame_000447.png,2025-10-24 11:48:21.394474,120,188,,,,,
448,C:\Users\28693\Desktop\udp\frames_png\frame_000448.png,2025-10-24 11:48:21.410146,120,188,,,,,
449,C:\Users\28693\Desktop\udp\frames_png\frame_000449.png,2025-10-24 11:48:21.425912,120,188,,,,,
450,C:\Users\28693\Desktop\udp\frames_png\frame_000450.png,2025-10-24 11:48:21.505295,120,188,,,,,
451,C:\Users\28693\Desktop\udp\frames_png\frame_000451.png,2025-10-24 11:48:21.505295,120,188,,,,,
452,C:\Users\28693\Desktop\udp\frames_png\frame_000452.png,2025-10-24 11:48:21.537916,120,188,,,,,
453,C:\Users\28693\Desktop\udp\frames_png\frame_000453.png,2025-10-24 11:48:21.612257,120,188,,,,,
454,C:\Users\28693\Desktop\udp\frames_png\frame_000454.png,2025-10-24 11:48:21.614121,120,188,,,,,
455,C:\Users\28693\Desktop\udp\frames_png\frame_000455.png,2025-10-24 11:48:21.645500,120,188,,,,,
456,C:\Users\28693\Desktop\udp\frames_png\frame_000456.png,2025-10-24 11:48:21.718713,120,188,,,,,
457,C:\Users\28693\Desktop\udp\frames_png\frame_000457.png,2025-10-24 11:48:21.728401,120,188,,,,,
458,C:\Users\28693\Desktop\udp\frames_png\frame_000458.png,2025-10-24 11:48:21.753094,120,188,,,,,
459,C:\Users\28693\Desktop\udp\frames_png\frame_000459.png,2025-10-24 11:48:21.831316,120,188,,,,,
460,C:\Users\28693\Desktop\udp\frames_png\frame_000460.png,2025-10-24 11:48:21.836813,120,188,,,,,
461,C:\Users\28693\Desktop\udp\frames_png\frame_000461.png,2025-10-24 11:48:21.917861,120,188,,,,,
462,C:\Users\28693\Desktop\udp\frames_png\frame_000462.png,2025-10-24 11:48:21.925957,120,188,,,,,
463,C:\Users\28693\Desktop\udp\frames_png\frame_000463.png,2025-10-24 11:48:21.942501,120,188,,,,,
464,C:\Users\28693\Desktop\udp\frames_png\frame_000464.png,2025-10-24 11:48:22.024283,120,188,,,,,
465,C:\Users\28693\Desktop\udp\frames_png\frame_000465.png,2025-10-24 11:48:22.030860,120,188,,,,,
466,C:\Users\28693\Desktop\udp\frames_png\frame_000466.png,2025-10-24 11:48:22.052792,120,188,,,,,
467,C:\Users\28693\Desktop\udp\frames_png\frame_000467.png,2025-10-24 11:48:22.120226,120,188,,,,,
468,C:\Users\28693\Desktop\udp\frames_png\frame_000468.png,2025-10-24 11:48:22.136637,120,188,,,,,
469,C:\Users\28693\Desktop\udp\frames_png\frame_000469.png,2025-10-24 11:48:22.154490,120,188,,,,,
470,C:\Users\28693\Desktop\udp\frames_png\frame_000470.png,2025-10-24 11:48:22.225568,120,188,,,,,
471,C:\Users\28693\Desktop\udp\frames_png\frame_000471.png,2025-10-24 11:48:22.242251,120,188,,,,,
472,C:\Users\28693\Desktop\udp\frames_png\frame_000472.png,2025-10-24 11:48:22.262815,120,188,,,,,
473,C:\Users\28693\Desktop\udp\frames_png\frame_000473.png,2025-10-24 11:48:22.332705,120,188,,,,,
474,C:\Users\28693\Desktop\udp\frames_png\frame_000474.png,2025-10-24 11:48:22.332705,120,188,,,,,
475,C:\Users\28693\Desktop\udp\frames_png\frame_000475.png,2025-10-24 11:48:22.365127,120,188,,,,,
476,C:\Users\28693\Desktop\udp\frames_png\frame_000476.png,2025-10-24 11:48:22.444587,120,188,,,,,
477,C:\Users\28693\Desktop\udp\frames_png\frame_000477.png,2025-10-24 11:48:22.444587,120,188,,,,,
478,C:\Users\28693\Desktop\udp\frames_png\frame_000478.png,2025-10-24 11:48:22.475905,120,188,,,,,
479,C:\Users\28693\Desktop\udp\frames_png\frame_000479.png,2025-10-24 11:48:22.539574,120,188,,,,,
480,C:\Users\28693\Desktop\udp\frames_png\frame_000480.png,2025-10-24 11:48:22.544766,120,188,,,,,
481,C:\Users\28693\Desktop\udp\frames_png\frame_000481.png,2025-10-24 11:48:22.638446,120,188,,,,,
482,C:\Users\28693\Desktop\udp\frames_png\frame_000482.png,2025-10-24 11:48:22.642491,120,188,,,,,
483,C:\Users\28693\Desktop\udp\frames_png\frame_000483.png,2025-10-24 11:48:22.654088,120,188,,,,,
484,C:\Users\28693\Desktop\udp\frames_png\frame_000484.png,2025-10-24 11:48:22.738672,120,188,,,,,
485,C:\Users\28693\Desktop\udp\frames_png\frame_000485.png,2025-10-24 11:48:22.755968,120,188,,,,,
486,C:\Users\28693\Desktop\udp\frames_png\frame_000486.png,2025-10-24 11:48:22.764887,120,188,,,,,
487,C:\Users\28693\Desktop\udp\frames_png\frame_000487.png,2025-10-24 11:48:22.836357,120,188,,,,,
488,C:\Users\28693\Desktop\udp\frames_png\frame_000488.png,2025-10-24 11:48:22.849879,120,188,,,,,
489,C:\Users\28693\Desktop\udp\frames_png\frame_000489.png,2025-10-24 11:48:22.881643,120,188,,,,,
490,C:\Users\28693\Desktop\udp\frames_png\frame_000490.png,2025-10-24 11:48:22.945452,120,188,,,,,
491,C:\Users\28693\Desktop\udp\frames_png\frame_000491.png,2025-10-24 11:48:22.945452,120,188,,,,,
492,C:\Users\28693\Desktop\udp\frames_png\frame_000492.png,2025-10-24 11:48:22.992797,120,188,,,,,
493,C:\Users\28693\Desktop\udp\frames_png\frame_000493.png,2025-10-24 11:48:23.040599,120,188,,,,,
494,C:\Users\28693\Desktop\udp\frames_png\frame_000494.png,2025-10-24 11:48:23.056382,120,188,,,,,
495,C:\Users\28693\Desktop\udp\frames_png\frame_000495.png,2025-10-24 11:48:23.088368,120,188,,,,,
496,C:\Users\28693\Desktop\udp\frames_png\frame_000496.png,2025-10-24 11:48:23.161557,120,188,,,,,
497,C:\Users\28693\Desktop\udp\frames_png\frame_000497.png,2025-10-24 11:48:23.161557,120,188,,,,,
498,C:\Users\28693\Desktop\udp\frames_png\frame_000498.png,2025-10-24 11:48:23.194182,120,188,,,,,
499,C:\Users\28693\Desktop\udp\frames_png\frame_000499.png,2025-10-24 11:48:23.257192,120,188,,,,,
500,C:\Users\28693\Desktop\udp\frames_png\frame_000500.png,2025-10-24 11:48:23.262345,120,188,,,,,
501,C:\Users\28693\Desktop\udp\frames_png\frame_000501.png,2025-10-24 11:48:23.361424,120,188,,,,,
502,C:\Users\28693\Desktop\udp\frames_png\frame_000502.png,2025-10-24 11:48:23.361424,120,188,,,,,
503,C:\Users\28693\Desktop\udp\frames_png\frame_000503.png,2025-10-24 11:48:23.385688,120,188,,,,,
504,C:\Users\28693\Desktop\udp\frames_png\frame_000504.png,2025-10-24 11:48:23.452963,120,188,,,,,
505,C:\Users\28693\Desktop\udp\frames_png\frame_000505.png,2025-10-24 11:48:23.452963,120,188,,,,,
506,C:\Users\28693\Desktop\udp\frames_png\frame_000506.png,2025-10-24 11:48:23.484389,120,188,,,,,
507,C:\Users\28693\Desktop\udp\frames_png\frame_000507.png,2025-10-24 11:48:23.562290,120,188,,,,,
508,C:\Users\28693\Desktop\udp\frames_png\frame_000508.png,2025-10-24 11:48:23.565763,120,188,,,,,
509,C:\Users\28693\Desktop\udp\frames_png\frame_000509.png,2025-10-24 11:48:23.594278,120,188,,,,,
510,C:\Users\28693\Desktop\udp\frames_png\frame_000510.png,2025-10-24 11:48:23.648474,120,188,,,,,
511,C:\Users\28693\Desktop\udp\frames_png\frame_000511.png,2025-10-24 11:48:23.667172,120,188,,,,,
512,C:\Users\28693\Desktop\udp\frames_png\frame_000512.png,2025-10-24 11:48:23.706270,120,188,,,,,
513,C:\Users\28693\Desktop\udp\frames_png\frame_000513.png,2025-10-24 11:48:23.769461,120,188,,,,,
514,C:\Users\28693\Desktop\udp\frames_png\frame_000514.png,2025-10-24 11:48:23.777941,120,188,,,,,
515,C:\Users\28693\Desktop\udp\frames_png\frame_000515.png,2025-10-24 11:48:23.810755,120,188,,,,,
516,C:\Users\28693\Desktop\udp\frames_png\frame_000516.png,2025-10-24 11:48:23.876049,120,188,,,,,
517,C:\Users\28693\Desktop\udp\frames_png\frame_000517.png,2025-10-24 11:48:23.876049,120,188,,,,,
518,C:\Users\28693\Desktop\udp\frames_png\frame_000518.png,2025-10-24 11:48:23.961487,120,188,,,,,
519,C:\Users\28693\Desktop\udp\frames_png\frame_000519.png,2025-10-24 11:48:23.973555,120,188,,,,,
520,C:\Users\28693\Desktop\udp\frames_png\frame_000520.png,2025-10-24 11:48:23.990947,120,188,,,,,
521,C:\Users\28693\Desktop\udp\frames_png\frame_000521.png,2025-10-24 11:48:24.064940,120,188,,,,,
522,C:\Users\28693\Desktop\udp\frames_png\frame_000522.png,2025-10-24 11:48:24.073329,120,188,,,,,
523,C:\Users\28693\Desktop\udp\frames_png\frame_000523.png,2025-10-24 11:48:24.097650,120,188,,,,,
524,C:\Users\28693\Desktop\udp\frames_png\frame_000524.png,2025-10-24 11:48:24.163091,120,188,,,,,
525,C:\Users\28693\Desktop\udp\frames_png\frame_000525.png,2025-10-24 11:48:24.179998,120,188,,,,,
526,C:\Users\28693\Desktop\udp\frames_png\frame_000526.png,2025-10-24 11:48:24.211180,120,188,,,,,
527,C:\Users\28693\Desktop\udp\frames_png\frame_000527.png,2025-10-24 11:48:24.264969,120,188,,,,,
528,C:\Users\28693\Desktop\udp\frames_png\frame_000528.png,2025-10-24 11:48:24.278465,120,188,,,,,
529,C:\Users\28693\Desktop\udp\frames_png\frame_000529.png,2025-10-24 11:48:24.313170,120,188,,,,,
530,C:\Users\28693\Desktop\udp\frames_png\frame_000530.png,2025-10-24 11:48:24.382831,120,188,,,,,
531,C:\Users\28693\Desktop\udp\frames_png\frame_000531.png,2025-10-24 11:48:24.399367,120,188,,,,,
532,C:\Users\28693\Desktop\udp\frames_png\frame_000532.png,2025-10-24 11:48:24.418597,120,188,,,,,
533,C:\Users\28693\Desktop\udp\frames_png\frame_000533.png,2025-10-24 11:48:24.489285,120,188,,,,,
534,C:\Users\28693\Desktop\udp\frames_png\frame_000534.png,2025-10-24 11:48:24.495049,120,188,,,,,
535,C:\Users\28693\Desktop\udp\frames_png\frame_000535.png,2025-10-24 11:48:24.529974,120,188,,,,,
536,C:\Users\28693\Desktop\udp\frames_png\frame_000536.png,2025-10-24 11:48:24.586860,120,188,,,,,
537,C:\Users\28693\Desktop\udp\frames_png\frame_000537.png,2025-10-24 11:48:24.595171,120,188,,,,,
538,C:\Users\28693\Desktop\udp\frames_png\frame_000538.png,2025-10-24 11:48:24.701321,120,188,,,,,
539,C:\Users\28693\Desktop\udp\frames_png\frame_000539.png,2025-10-24 11:48:24.701321,120,188,,,,,
540,C:\Users\28693\Desktop\udp\frames_png\frame_000540.png,2025-10-24 11:48:24.709085,120,188,,,,,
541,C:\Users\28693\Desktop\udp\frames_png\frame_000541.png,2025-10-24 11:48:24.781595,120,188,,,,,
542,C:\Users\28693\Desktop\udp\frames_png\frame_000542.png,2025-10-24 11:48:24.783843,120,188,,,,,
543,C:\Users\28693\Desktop\udp\frames_png\frame_000543.png,2025-10-24 11:48:24.817354,120,188,,,,,
544,C:\Users\28693\Desktop\udp\frames_png\frame_000544.png,2025-10-24 11:48:24.888913,120,188,,,,,
545,C:\Users\28693\Desktop\udp\frames_png\frame_000545.png,2025-10-24 11:48:24.894772,120,188,,,,,
546,C:\Users\28693\Desktop\udp\frames_png\frame_000546.png,2025-10-24 11:48:24.925034,120,188,,,,,
547,C:\Users\28693\Desktop\udp\frames_png\frame_000547.png,2025-10-24 11:48:24.994063,120,188,,,,,
